Departure_Time,duree_moyenne_sec,proportion_velos_electriques,nombre_trajets
2024-05-01 00:00:00,1066.1627659574467,0.5882978723404255,4700
2024-05-01 01:00:00,1190.689723320158,0.5702992659514399,3542
2024-05-01 02:00:00,1186.4094689699295,0.5435060780550224,3126
2024-05-01 03:00:00,1172.8896739130435,0.5625,1840
2024-05-01 04:00:00,1112.989263803681,0.5651840490797546,1304
2024-05-01 05:00:00,1232.5741482965932,0.6052104208416834,998
2024-05-01 06:00:00,963.8287841191067,0.6451612903225806,806
2024-05-01 07:00:00,930.1273957158962,0.6358511837655016,887
2024-05-01 08:00:00,984.9423503325943,0.5986696230598669,1804
2024-05-01 09:00:00,1071.8680534918276,0.5783060921248143,3365
2024-05-01 10:00:00,1187.270308983016,0.5307959893595253,4887
2024-05-01 11:00:00,1301.4434667109415,0.5391001162211523,6023
2024-05-01 12:00:00,1261.3087651951375,0.5416506717850288,7815
2024-05-01 13:00:00,1255.741622930965,0.5689678374377607,7431
2024-05-01 14:00:00,1397.7930153321977,0.5750790946702361,8218
2024-05-01 15:00:00,1398.6674018526687,0.5647331274812527,9068
2024-05-01 16:00:00,1355.7402164862615,0.5596378018318068,9608
2024-05-01 17:00:00,1307.6961829102886,0.5553187366789382,10322
2024-05-01 18:00:00,1245.9416513761469,0.564954128440367,10900
2024-05-01 19:00:00,1134.0104253159886,0.584371251960513,10839
2024-05-01 20:00:00,1048.9302672202705,0.6175875652081337,9393
2024-05-01 21:00:00,1005.4401032067822,0.6549944710652414,2713
2024-05-01 22:00:00,987.3876651982379,0.6666666666666666,1362
2024-05-01 23:00:00,918.1904235727441,0.656353591160221,2715
2024-05-02 00:00:00,984.6666666666666,0.715,1200
2024-05-02 01:00:00,1017.0721649484536,0.7491408934707904,873
2024-05-02 02:00:00,1257.4516728624535,0.7193308550185874,538
2024-05-02 03:00:00,1233.7333333333333,0.6277777777777778,360
2024-05-02 04:00:00,1067.3333333333333,0.7394636015325671,261
2024-05-02 05:00:00,1029.117540687161,0.7468354430379747,553
2024-05-02 06:00:00,886.1301482701812,0.6968698517298187,1214
2024-05-02 07:00:00,935.821332375651,0.6446399712695278,5569
2024-05-02 08:00:00,1060.966108857336,0.5676977687626775,11832
2024-05-02 09:00:00,1013.29803875788,0.5783329441979921,8566
2024-05-02 10:00:00,1189.6390507910075,0.5872189841798501,4804
2024-05-02 11:00:00,1184.530339539978,0.5741511500547645,4565
2024-05-02 12:00:00,1120.7518808536772,0.5627207124213113,6513
2024-05-02 13:00:00,1067.768551236749,0.5639254738194668,6226
2024-05-02 14:00:00,1170.6363275039746,0.5981717011128775,5032
2024-05-02 15:00:00,1174.8897810218978,0.6311435523114355,4110
2024-05-02 16:00:00,1101.9363436814049,0.6669802445907808,3189
2024-05-02 17:00:00,1040.7290572928555,0.6735905044510386,4381
2024-05-02 18:00:00,1057.622520598108,0.645712541959109,6554
2024-05-02 19:00:00,1016.8211629479378,0.6450304259634888,5916
2024-05-02 20:00:00,998.2171327901343,0.6602070028628055,4541
2024-05-02 21:00:00,985.3125331917154,0.6638343069569835,3766
2024-05-02 22:00:00,1106.4248221731666,0.6296296296296297,4077
2024-05-02 23:00:00,1038.9943586698337,0.6089667458432304,3368
2024-05-03 00:00:00,992.8533852898198,0.6434486117876279,2053
2024-05-03 01:00:00,1089.8173633440515,0.6199356913183279,1555
2024-05-03 02:00:00,1015.6186335403727,0.6236024844720497,805
2024-05-03 03:00:00,1517.9622641509434,0.6079664570230608,477
2024-05-03 04:00:00,1179.3835616438357,0.6821917808219178,365
2024-05-03 05:00:00,1064.2768532526475,0.6853252647503782,661
2024-05-03 06:00:00,959.9009083402148,0.6672171758876961,1211
2024-05-03 07:00:00,980.6545214272229,0.6632055880687181,5297
2024-05-03 08:00:00,1044.8566433566434,0.5818370818370818,10582
2024-05-03 09:00:00,1078.8082715754244,0.5918001434377241,8366
2024-05-03 10:00:00,1248.8594865856012,0.6049025284694074,5181
2024-05-03 11:00:00,1262.8243347473967,0.5823370613189356,5186
2024-05-03 12:00:00,1151.8358431691765,0.5683082349749017,7371
2024-05-03 13:00:00,2119.5149352365847,0.5905366111551679,7566
2024-05-03 14:00:00,1223.2120822622107,0.596401028277635,3112
2024-05-03 15:00:00,1275.3665917602996,0.6199250936329588,6675
2024-05-03 16:00:00,1206.6137767220903,0.6137767220902612,8420
2024-05-03 17:00:00,1186.8075814111262,0.591078697421981,11792
2024-05-03 18:00:00,1155.963913449788,0.5446049888577384,13911
2024-05-03 19:00:00,1128.4493719956583,0.558226081563033,12898
2024-05-03 20:00:00,1078.0245746691871,0.5879017013232514,9522
2024-05-03 21:00:00,1113.5290459578341,0.6346124677688457,6593
2024-05-03 22:00:00,1078.4506207152122,0.6511024643320363,5397
2024-05-03 23:00:00,1102.9618490109003,0.6370609608397255,4954
2024-05-04 00:00:00,1047.5533540224396,0.6354738601098114,4189
2024-05-04 01:00:00,1085.8006230529595,0.6336448598130842,3210
2024-05-04 02:00:00,1149.4496904024768,0.5948142414860681,2584
2024-05-04 03:00:00,1164.39913097455,0.6530105524518932,1611
2024-05-04 04:00:00,1211.193388429752,0.5958677685950413,1210
2024-05-04 05:00:00,956.4370208105148,0.6484118291347207,913
2024-05-04 06:00:00,1102.0521436848203,0.6929316338354577,863
2024-05-04 07:00:00,947.2876470588235,0.6652941176470588,1700
2024-05-04 08:00:00,860.5228539576366,0.6250464511334076,2691
2024-05-04 09:00:00,931.0973597359736,0.5992849284928493,3636
2024-05-04 10:00:00,1029.073038397329,0.5703255425709516,4792
2024-05-04 11:00:00,1066.446327683616,0.5587570621468927,5310
2024-05-04 12:00:00,1088.8936263736264,0.5684981684981685,6825
2024-05-04 13:00:00,1069.0878400524418,0.5804654211733857,6102
2024-05-04 14:00:00,1156.5270119521913,0.5899601593625498,6275
2024-05-04 15:00:00,1221.0238958249429,0.5846422338568935,7449
2024-05-04 16:00:00,1192.8401283727565,0.5870676334244621,8413
2024-05-04 17:00:00,1206.394908030507,0.5827725437415882,8916
2024-05-04 18:00:00,1160.727472988566,0.5900555963495228,9533
2024-05-04 19:00:00,1157.0893043659912,0.6130144140380196,9574
2024-05-04 20:00:00,1133.555713180294,0.6309001805519732,7754
2024-05-04 21:00:00,1107.0595479082322,0.6654858299595142,5928
2024-05-04 22:00:00,1163.054132231405,0.6729338842975207,4840
2024-05-04 23:00:00,1129.7641666666666,0.6339583333333333,4800
2024-05-05 00:00:00,1195.7398843930637,0.6362827923521566,4498
2024-05-05 01:00:00,1236.5387788778878,0.6608910891089109,3636
2024-05-05 02:00:00,1215.634799867681,0.6308303010254714,3023
2024-05-05 03:00:00,1123.207896051974,0.6201899050474763,2001
2024-05-05 04:00:00,1142.2819074333802,0.5960729312762973,1426
2024-05-05 05:00:00,1049.936775553214,0.6459430979978925,949
2024-05-05 06:00:00,832.1566757493188,0.6743869209809265,734
2024-05-05 07:00:00,874.0443349753695,0.6502463054187192,812
2024-05-05 08:00:00,884.7395029991432,0.6203941730934018,1167
2024-05-05 09:00:00,990.0698058653448,0.560512185047501,2421
2024-05-05 10:00:00,1028.3367272727273,0.5425454545454546,4125
2024-05-05 11:00:00,1107.590909090909,0.5328394072887465,4994
2024-05-05 12:00:00,1084.9012172284645,0.5510299625468165,6408
2024-05-05 13:00:00,1137.3022358050507,0.5745536432362875,6217
2024-05-05 14:00:00,1167.9233387598047,0.5737753440876129,6757
2024-05-05 15:00:00,1170.0059898633083,0.5813239133773613,6511
2024-05-05 16:00:00,1041.8002320634307,0.6078128021659254,5171
2024-05-05 17:00:00,1003.4537097833224,0.6329612606697308,4569
2024-05-05 18:00:00,1039.964216490234,0.6111525272103773,6707
2024-05-05 19:00:00,1044.9584650112868,0.6228743416102333,6645
2024-05-05 20:00:00,996.2509904912837,0.6390649762282092,5048
2024-05-05 21:00:00,1011.803490990991,0.652027027027027,3552
2024-05-05 22:00:00,1033.8496961944356,0.641189638631276,3127
2024-05-05 23:00:00,1013.4167709637046,0.6458072590738423,2397
2024-05-06 00:00:00,1130.001272264631,0.6348600508905853,1572
2024-05-06 01:00:00,1118.6410635155096,0.6971935007385525,677
2024-05-06 02:00:00,1315.576441102757,0.5538847117794486,399
2024-05-06 03:00:00,1367.5865384615386,0.5456730769230769,416
2024-05-06 04:00:00,1256.177606177606,0.6756756756756757,259
2024-05-06 05:00:00,1110.7933579335793,0.6642066420664207,542
2024-05-06 06:00:00,849.917695473251,0.6781893004115226,1215
2024-05-06 07:00:00,899.93669250646,0.6590992986341824,5418
2024-05-06 08:00:00,1043.253163496187,0.5768876225592894,11933
2024-05-06 09:00:00,1027.466810966811,0.5945165945165946,8316
2024-05-06 10:00:00,1079.1303169307757,0.5961217681401167,4796
2024-05-06 11:00:00,1154.288,0.5777297297297297,4625
2024-05-06 12:00:00,1056.286312199659,0.5802201209114866,6451
2024-05-06 13:00:00,959.9422797324804,0.587961616749055,6878
2024-05-06 14:00:00,1073.2902494331065,0.6139891854177568,5733
2024-05-06 15:00:00,1093.3873205355703,0.6399419261171156,6199
2024-05-06 16:00:00,1080.522275358671,0.6268562798892524,7946
2024-05-06 17:00:00,1116.1163263577057,0.614165890027959,11803
2024-05-06 18:00:00,1075.0636784966034,0.5489175290457748,15751
2024-05-06 19:00:00,987.2250657182619,0.5427555280655636,12934
2024-05-06 20:00:00,936.3360260429226,0.5930793344586448,8294
2024-05-06 21:00:00,958.2795409718486,0.6022951407566792,5577
2024-05-06 22:00:00,998.164541341012,0.5820649938296997,4862
2024-05-06 23:00:00,1029.6664613489374,0.5546658453957499,3247
2024-05-07 00:00:00,989.6270627062706,0.6226622662266227,1818
2024-05-07 01:00:00,1068.3269617706237,0.6670020120724346,994
2024-05-07 02:00:00,1105.9072356215213,0.6846011131725418,539
2024-05-07 03:00:00,1041.2642140468226,0.7023411371237458,299
2024-05-07 04:00:00,1061.3076923076924,0.6987179487179487,312
2024-05-07 05:00:00,1056.2874779541446,0.6772486772486772,567
2024-05-07 06:00:00,822.6297935103245,0.6592920353982301,1356
2024-05-07 07:00:00,896.1903531438415,0.6339362618432386,5805
2024-05-07 08:00:00,968.1086333227142,0.5675374323032814,12556
2024-05-07 09:00:00,949.8709124048462,0.5995496944355098,9327
2024-05-07 10:00:00,1017.8279274326553,0.6072933846435771,5457
2024-05-07 11:00:00,1069.5063503922302,0.596750093388121,5354
2024-05-07 12:00:00,1035.8411901081915,0.5859093250901597,7764
2024-05-07 13:00:00,991.6301006889242,0.5833333333333334,7548
2024-05-07 14:00:00,1085.8928237129485,0.6106084243369735,6410
2024-05-07 15:00:00,1107.0018060572381,0.6286468463462073,7198
2024-05-07 16:00:00,1137.7873380313708,0.6310525119345306,8798
2024-05-07 17:00:00,1142.3521696891191,0.6103465025906736,12352
2024-05-07 18:00:00,1092.4775949705725,0.5906902086677368,14952
2024-05-07 19:00:00,1023.4869591436756,0.5820141715664103,13266
2024-05-07 20:00:00,978.8628148703062,0.6163498454911509,10679
2024-05-07 21:00:00,1001.0116979794399,0.6350584898971996,5642
2024-05-07 22:00:00,1071.4391473756589,0.6344258537703416,4363
2024-05-07 23:00:00,1065.5360782153678,0.6381162214266043,7262
2024-05-08 00:00:00,1079.9473561066916,0.6572297613476836,4274
2024-05-08 01:00:00,1082.6342609324179,0.6537766534152512,2767
2024-05-08 02:00:00,1311.11066195048,0.6407276402223345,1979
2024-05-08 03:00:00,1134.6430517711171,0.6902815622161671,1101
2024-05-08 04:00:00,1183.3003618817852,0.6284680337756333,829
2024-05-08 05:00:00,1121.7617328519855,0.6690734055354994,831
2024-05-08 06:00:00,1148.92575928009,0.6794150731158605,889
2024-05-08 07:00:00,1104.0486533449175,0.6715899218071243,1151
2024-05-08 08:00:00,955.97998046875,0.6103515625,2048
2024-05-08 09:00:00,1028.948793407887,0.5991759858740435,3398
2024-05-08 10:00:00,1014.6254608011797,0.5940034406488081,4069
2024-05-08 11:00:00,1056.3924951477247,0.5855078714686219,4637
2024-05-08 12:00:00,1064.7676825761932,0.5991949396204715,5217
2024-05-08 13:00:00,1101.063620248178,0.6133543431160134,5077
2024-05-08 14:00:00,1184.5889414332485,0.6251364132411786,5498
2024-05-08 15:00:00,1142.1962182783213,0.6183446674407033,6029
2024-05-08 16:00:00,1176.79228114214,0.6149984311264513,6374
2024-05-08 17:00:00,1147.7440916340438,0.6257793243439177,6897
2024-05-08 18:00:00,1100.343147751606,0.6282119914346895,7472
2024-05-08 19:00:00,1077.5911772969935,0.6449845462208486,7118
2024-05-08 20:00:00,1045.6233547080662,0.6906851164360446,5926
2024-05-08 21:00:00,1098.607160253288,0.699220652703361,4106
2024-05-08 22:00:00,1096.0470588235294,0.7166931637519873,3145
2024-05-08 23:00:00,1080.3703508309154,0.6913743075705618,3791
2024-05-09 00:00:00,1087.3596650891882,0.6967601019293775,2747
2024-05-09 01:00:00,1194.3517393705135,0.7393705135284373,1811
2024-05-09 02:00:00,1071.4646243617797,0.7060539752005836,1371
2024-05-09 03:00:00,1144.905824039653,0.7335811648079306,807
2024-05-09 04:00:00,1204.2109375,0.7125,640
2024-05-09 05:00:00,1136.6759124087591,0.7197080291970803,685
2024-05-09 06:00:00,1058.8306332842415,0.6936671575846833,679
2024-05-09 07:00:00,981.4642126789366,0.7055214723926381,978
2024-05-09 08:00:00,930.6736596736597,0.668997668997669,1716
2024-05-09 09:00:00,1033.7970055710307,0.6420612813370473,2872
2024-05-09 10:00:00,1171.5022818791947,0.5970469798657718,3725
2024-05-09 11:00:00,1224.024549918167,0.5817161561842413,4277
2024-05-09 12:00:00,1238.49693615339,0.5999209329907096,5059
2024-05-09 13:00:00,1274.7287950491445,0.6092100473243538,5494
2024-05-09 14:00:00,1387.4463629096722,0.5985611510791367,6255
2024-05-09 15:00:00,1381.1179069446362,0.6001656772055778,7243
2024-05-09 16:00:00,1402.5389457120377,0.6012326252294781,7626
2024-05-09 17:00:00,1334.6529920963492,0.6142265713210388,7971
2024-05-09 18:00:00,1264.7399445214978,0.613962089690245,8652
2024-05-09 19:00:00,1211.3167409907196,0.6346872363504882,8297
2024-05-09 20:00:00,1191.7457600502512,0.6703831658291457,6368
2024-05-09 21:00:00,1136.512840466926,0.6673151750972762,5140
2024-05-09 22:00:00,1149.0327255726975,0.6582515194015895,4278
2024-05-09 23:00:00,1147.3897778839264,0.6553618342488655,4187
2024-05-10 00:00:00,1128.6938911022576,0.6772908366533864,3012
2024-05-10 01:00:00,1216.285780885781,0.6643356643356644,2145
2024-05-10 02:00:00,1235.3235772357723,0.6943089430894309,1230
2024-05-10 03:00:00,1194.1232294617564,0.7053824362606232,706
2024-05-10 04:00:00,1073.6273408239701,0.7153558052434457,534
2024-05-10 05:00:00,1154.1824104234527,0.7019543973941368,614
2024-05-10 06:00:00,1000.485278080698,0.693565976008724,917
2024-05-10 07:00:00,1073.4347332576617,0.6730987514188422,1762
2024-05-10 08:00:00,1017.8527074018878,0.6472925981122702,4026
2024-05-10 09:00:00,1051.086389061529,0.6318624404391961,4827
2024-05-10 10:00:00,1300.2341876808598,0.600868127325341,4838
2024-05-10 11:00:00,1345.5634321131126,0.5694363742010459,5163
2024-05-10 12:00:00,1321.2696572580646,0.558635752688172,5952
2024-05-10 13:00:00,1310.4930025445292,0.5879452926208651,6288
2024-05-10 14:00:00,1332.5116788321168,0.6021897810218978,6850
2024-05-10 15:00:00,1349.6014986376022,0.5982288828337875,7340
2024-05-10 16:00:00,1374.0904338734972,0.5965760585467852,7652
2024-05-10 17:00:00,1285.1165458283735,0.6163835082783249,9241
2024-05-10 18:00:00,1234.238852877627,0.6133372618346101,10182
2024-05-10 19:00:00,1209.5691483884254,0.6394810009267841,9711
2024-05-10 20:00:00,1174.9285246760046,0.6554522843304097,7639
2024-05-10 21:00:00,1211.8615562530977,0.6671072195605485,6053
2024-05-10 22:00:00,1192.135150166852,0.6603633667037448,5394
2024-05-10 23:00:00,1183.1338336460287,0.6481134042109652,4797
2024-05-11 00:00:00,1112.2304862023652,0.6622864651773982,3805
2024-05-11 01:00:00,1156.0152450090743,0.6544464609800363,2755
2024-05-11 02:00:00,1139.2700903471232,0.6595339990489777,2103
2024-05-11 03:00:00,1245.835390946502,0.6371742112482853,1458
2024-05-11 04:00:00,1215.8935516888434,0.6479017400204709,977
2024-05-11 05:00:00,1117.8318240620956,0.6727037516170763,773
2024-05-11 06:00:00,950.8797953964195,0.7225063938618926,782
2024-05-11 07:00:00,992.5408450704225,0.6647887323943662,1065
2024-05-11 08:00:00,970.7918233082706,0.6254699248120301,2128
2024-05-11 09:00:00,1067.350466045273,0.6101198402130492,3755
2024-05-11 10:00:00,1253.2235849056603,0.5741509433962264,5300
2024-05-11 11:00:00,1245.5422570428404,0.5624270711785297,5999
2024-05-11 12:00:00,1318.1592712312665,0.5843373493975904,6806
2024-05-11 13:00:00,1280.2852949809217,0.5832110361021426,6814
2024-05-11 14:00:00,1402.6512381693244,0.5906910410994425,7713
2024-05-11 15:00:00,1463.0361668101857,0.587772173699102,8129
2024-05-11 16:00:00,1427.0857047204554,0.5833054346613101,8961
2024-05-11 17:00:00,1383.9849342878513,0.596003846564804,9359
2024-05-11 18:00:00,1302.4844241501776,0.6005073566717403,9855
2024-05-11 19:00:00,1265.3142651740782,0.6181575433911882,9737
2024-05-11 20:00:00,1234.7651347480796,0.6509569066527796,7681
2024-05-11 21:00:00,1226.1477383664171,0.6594533029612756,6146
2024-05-11 22:00:00,1279.499553491695,0.6547597785318807,5599
2024-05-11 23:00:00,1214.598204264871,0.6402918069584737,5346
2024-05-12 00:00:00,1210.268805549534,0.6440494255365272,4613
2024-05-12 01:00:00,1209.9280084077773,0.6421439831844457,3806
2024-05-12 02:00:00,1253.3066713237863,0.6203283269297939,2863
2024-05-12 03:00:00,1340.9561752988047,0.5964712578258395,1757
2024-05-12 04:00:00,1392.2180663373324,0.5751587861679605,1417
2024-05-12 05:00:00,1136.7581920903954,0.6033898305084746,885
2024-05-12 06:00:00,1078.4977777777779,0.6888888888888889,675
2024-05-12 07:00:00,1010.5797619047619,0.6464285714285715,840
2024-05-12 08:00:00,1005.1805467260012,0.6102987921169739,1573
2024-05-12 09:00:00,1160.3726210350585,0.5682804674457429,2995
2024-05-12 10:00:00,1073.358613445378,0.5331932773109244,4760
2024-05-12 11:00:00,1149.1027261238492,0.5450442318107962,5539
2024-05-12 12:00:00,1158.5964132206907,0.5620275678079146,6747
2024-05-12 13:00:00,1152.9168457596297,0.5944784261861464,6049
2024-05-12 14:00:00,1186.4566615620215,0.6019908116385911,6530
2024-05-12 15:00:00,1267.1872576177286,0.6029085872576178,7220
2024-05-12 16:00:00,1066.0460992907801,0.6312056737588653,4794
2024-05-12 17:00:00,1090.8577184054284,0.6550042408821035,4716
2024-05-12 18:00:00,1067.8494375096316,0.6199722607489597,6489
2024-05-12 19:00:00,1061.0525988173047,0.6327419856831622,6426
2024-05-12 20:00:00,1102.138318481209,0.6332816737698567,5162
2024-05-12 21:00:00,1103.880029992502,0.6185953511622094,4001
2024-05-12 22:00:00,1084.9707811568276,0.6228384019081693,3354
2024-05-12 23:00:00,1176.8976909413855,0.6103019538188277,2815
2024-05-13 00:00:00,1113.7134207870838,0.6538849646821393,1982
2024-05-13 01:00:00,1263.927905004241,0.6166242578456319,1179
2024-05-13 02:00:00,1577.822033898305,0.5734463276836158,708
2024-05-13 03:00:00,1311.5260869565218,0.5695652173913044,460
2024-05-13 04:00:00,1072.5552050473186,0.7602523659305994,317
2024-05-13 05:00:00,1028.0773286467486,0.6678383128295254,569
2024-05-13 06:00:00,917.3051224944321,0.6555308092056422,1347
2024-05-13 07:00:00,932.3407480639314,0.6508485747240073,6069
2024-05-13 08:00:00,1019.9566705562038,0.5666277712952159,12855
2024-05-13 09:00:00,1026.8380575462616,0.5764252861268585,9349
2024-05-13 10:00:00,1055.993769470405,0.6159323542501113,4494
2024-05-13 11:00:00,1125.344894026975,0.6026546777991865,4671
2024-05-13 12:00:00,1010.0680546923555,0.5812616532007459,6436
2024-05-13 13:00:00,991.5436401549002,0.5902591599642538,6714
2024-05-13 14:00:00,1069.1991677700018,0.6128239076981274,5287
2024-05-13 15:00:00,1114.7672818791946,0.6360738255033557,5960
2024-05-13 16:00:00,1107.5894288577153,0.6380260521042084,7984
2024-05-13 17:00:00,1081.1807914195174,0.6030714227675307,12307
2024-05-13 18:00:00,1065.6525370759703,0.5285527586794704,17599
2024-05-13 19:00:00,1006.483460386605,0.518445412469371,14692
2024-05-13 20:00:00,952.5849056603773,0.5441906653426017,10070
2024-05-13 21:00:00,990.8727604008503,0.5554205891284543,6586
2024-05-13 22:00:00,1015.2768332474669,0.5437059934741543,5823
2024-05-13 23:00:00,1013.1772089588974,0.5569776027565838,4063
2024-05-14 00:00:00,1026.5002324500233,0.5792654579265458,2151
2024-05-14 01:00:00,1084.0313620071684,0.5976702508960573,1116
2024-05-14 02:00:00,1418.933870967742,0.632258064516129,620
2024-05-14 03:00:00,1405.379421221865,0.707395498392283,311
2024-05-14 04:00:00,1215.752688172043,0.6666666666666666,279
2024-05-14 05:00:00,851.8646616541354,0.7030075187969925,532
2024-05-14 06:00:00,862.1552999178307,0.6220213640098603,1217
2024-05-14 07:00:00,867.2418343067272,0.6205926887302617,4623
2024-05-14 08:00:00,902.8549733205637,0.6017239020385826,7309
2024-05-14 09:00:00,922.78,0.6409411764705882,4250
2024-05-14 10:00:00,926.5676262900597,0.6501901140684411,1841
2024-05-14 11:00:00,835.9433018343524,0.6531406336853808,1799
2024-05-14 12:00:00,846.741886099204,0.6102265768524189,3266
2024-05-14 13:00:00,866.5632036847493,0.6192425793244627,3908
2024-05-14 14:00:00,963.8228541612314,0.6264022958518132,3833
2024-05-14 15:00:00,988.8577244482537,0.6385258195843154,4667
2024-05-14 16:00:00,963.1687265917603,0.6573033707865169,5340
2024-05-14 17:00:00,1012.8448075909331,0.6245651027938851,9485
2024-05-14 18:00:00,1030.4178339818418,0.5442282749675745,15420
2024-05-14 19:00:00,944.6501307616868,0.5495259888852566,12236
2024-05-14 20:00:00,899.5910293271995,0.5697527314548592,8695
2024-05-14 21:00:00,961.7911517105499,0.5823034210997672,5583
2024-05-14 22:00:00,987.1333953488372,0.5724651162790698,5375
2024-05-14 23:00:00,987.3886580298216,0.5595208995355658,4091
2024-05-15 00:00:00,1015.4321428571428,0.5946428571428571,2240
2024-05-15 01:00:00,1336.289585097375,0.5918712955122777,1181
2024-05-15 02:00:00,1436.805510534846,0.6742301458670988,617
2024-05-15 03:00:00,1096.0714285714287,0.6801242236024845,322
2024-05-15 04:00:00,1058.1385135135135,0.7094594594594594,296
2024-05-15 05:00:00,901.8906525573192,0.6825396825396826,567
2024-05-15 06:00:00,924.0440751445087,0.6286127167630058,1384
2024-05-15 07:00:00,882.3074085459576,0.615739317553028,6506
2024-05-15 08:00:00,971.8824453462495,0.5290613954706114,15278
2024-05-15 09:00:00,933.6219567794292,0.5518373301723352,10967
2024-05-15 10:00:00,963.82074968911,0.590335761236454,5629
2024-05-15 11:00:00,1026.4664828536963,0.5802171290711701,5803
2024-05-15 12:00:00,973.1634691792485,0.5517084799636736,8809
2024-05-15 13:00:00,1005.2017187318546,0.5797236093368947,8611
2024-05-15 14:00:00,1059.041573971079,0.5977474972191323,7192
2024-05-15 15:00:00,1067.4482896846607,0.6185195082843399,7484
2024-05-15 16:00:00,1120.111111111111,0.6087556015167184,8703
2024-05-15 17:00:00,1124.2337167669689,0.5788832177953835,13127
2024-05-15 18:00:00,1058.258443280096,0.5410011994192285,15841
2024-05-15 19:00:00,1011.2142158233156,0.5480849874196254,14308
2024-05-15 20:00:00,930.4618742724098,0.5768335273573924,10308
2024-05-15 21:00:00,956.83651184251,0.5796677945247616,6502
2024-05-15 22:00:00,1016.5652494833186,0.5380868024800709,6774
2024-05-15 23:00:00,1042.5911602209944,0.5179112457672429,5611
2024-05-16 00:00:00,1090.9381535703615,0.5488497161637287,3347
2024-05-16 01:00:00,1180.4442538593482,0.5860491709548313,1749
2024-05-16 02:00:00,1143.1743315508022,0.5989304812834224,935
2024-05-16 03:00:00,1342.0190274841439,0.627906976744186,473
2024-05-16 04:00:00,1230.0,0.6175,400
2024-05-16 05:00:00,934.4538087520259,0.653160453808752,617
2024-05-16 06:00:00,921.7337234820775,0.6495976591075348,1367
2024-05-16 07:00:00,875.4047505938242,0.6204275534441805,6315
2024-05-16 08:00:00,983.1279730443974,0.5310517970401691,15136
2024-05-16 09:00:00,970.7896402097269,0.5624661001627193,11062
2024-05-16 10:00:00,983.8940361116178,0.6069669888747037,5483
2024-05-16 11:00:00,1043.0038505968425,0.5949172121678861,5194
2024-05-16 12:00:00,985.7168651555897,0.5548725829171469,7809
2024-05-16 13:00:00,1015.3332476875643,0.5781089414182939,7784
2024-05-16 14:00:00,1070.676029364826,0.6021385253750399,6266
2024-05-16 15:00:00,1099.8308961922687,0.6303749819024178,6907
2024-05-16 16:00:00,1143.972465993857,0.6178148310662571,9116
2024-05-16 17:00:00,1143.981733443584,0.5943020371344809,13303
2024-05-16 18:00:00,1104.263901050788,0.5246825744308231,18272
2024-05-16 19:00:00,1057.5600122286762,0.5183124426780801,16355
2024-05-16 20:00:00,1015.1298485408201,0.5653860362024381,10828
2024-05-16 21:00:00,1026.6731687898089,0.5878450106157113,7536
2024-05-16 22:00:00,1046.7577755482298,0.5632793464239645,6977
2024-05-16 23:00:00,1071.0361151781358,0.5405889051569871,6147
2024-05-17 00:00:00,1033.8493289440364,0.5477336034439099,3949
2024-05-17 01:00:00,1122.0448642266824,0.5497835497835498,2541
2024-05-17 02:00:00,1159.7838684416602,0.5826155050900548,1277
2024-05-17 03:00:00,1126.7848443843031,0.6008119079837618,739
2024-05-17 04:00:00,1072.653767820774,0.6354378818737271,491
2024-05-17 05:00:00,998.1375321336761,0.6786632390745502,778
2024-05-17 06:00:00,820.2656033287101,0.6386962552011096,1442
2024-05-17 07:00:00,848.4697563469075,0.6174816834213666,5869
2024-05-17 08:00:00,946.227219852656,0.5458704924389298,12895
2024-05-17 09:00:00,940.7538573055814,0.5739877808843326,9657
2024-05-17 10:00:00,1010.3229339528709,0.5872884168602721,6026
2024-05-17 11:00:00,1044.0906040268455,0.5536912751677853,5960
2024-05-17 12:00:00,988.2630109448291,0.555394237212419,8954
2024-05-17 13:00:00,991.4325673166203,0.5734679665738162,8616
2024-05-17 14:00:00,1061.8998540920547,0.5894680992174028,7539
2024-05-17 15:00:00,1104.9930689256835,0.6164805544859453,7791
2024-05-17 16:00:00,1107.8378214213403,0.6061955861510427,9878
2024-05-17 17:00:00,1073.5866310593185,0.5829893987213725,12357
2024-05-17 18:00:00,1079.2228924862554,0.549404398289554,13096
2024-05-17 19:00:00,1020.7043657331137,0.5459637561779243,12140
2024-05-17 20:00:00,1030.9558926254865,0.5861690450054885,10021
2024-05-17 21:00:00,1029.1600330532985,0.6107974108249552,7261
2024-05-17 22:00:00,1082.8755433907584,0.6211560135243922,6211
2024-05-17 23:00:00,1061.2171418636997,0.6236091794158554,5752
2024-05-18 00:00:00,1078.0745920745921,0.5930458430458431,5148
2024-05-18 01:00:00,1101.6437691521962,0.5870786516853933,3916
2024-05-18 02:00:00,1135.7279365079364,0.5815873015873015,3150
2024-05-18 03:00:00,1088.2535961640917,0.595631326584976,1877
2024-05-18 04:00:00,1101.4204946996467,0.5802120141342756,1415
2024-05-18 05:00:00,1095.4971932638332,0.6110665597433841,1247
2024-05-18 06:00:00,946.8816143497758,0.6556053811659193,1115
2024-05-18 07:00:00,973.5224049914917,0.6625070901871809,1763
2024-05-18 08:00:00,958.7028890347997,0.5998030203545633,3046
2024-05-18 09:00:00,984.4374868226861,0.552393000210837,4743
2024-05-18 10:00:00,1081.54791116633,0.5160739245224414,6439
2024-05-18 11:00:00,1132.3214624238321,0.5195666892349357,7385
2024-05-18 12:00:00,1133.2785035629454,0.5323040380047506,8420
2024-05-18 13:00:00,1155.4514278588354,0.551440329218107,8019
2024-05-18 14:00:00,1223.245492371706,0.5499306518723994,8652
2024-05-18 15:00:00,1288.6516623488774,0.5433937823834197,9264
2024-05-18 16:00:00,1265.099312609008,0.552272494100749,9747
2024-05-18 17:00:00,1194.5465428276573,0.5622291021671827,9690
2024-05-18 18:00:00,1166.8850574712644,0.5860984602038604,9222
2024-05-18 19:00:00,1136.306896919305,0.5938599296450272,9381
2024-05-18 20:00:00,1128.8700811992505,0.621736414740787,8005
2024-05-18 21:00:00,1104.4673633440514,0.6329581993569132,6220
2024-05-18 22:00:00,1197.5507627564439,0.6354550236717517,5703
2024-05-18 23:00:00,1156.6475013433637,0.6279777897187891,5583
2024-05-19 00:00:00,1085.6735173223724,0.6181248776668624,5109
2024-05-19 01:00:00,1110.7030103718694,0.6157348848975461,3953
2024-05-19 02:00:00,1172.2256843331393,0.5780430984274898,3434
2024-05-19 03:00:00,1308.649295774648,0.5953051643192488,2130
2024-05-19 04:00:00,1234.012597480504,0.5914817036592681,1667
2024-05-19 05:00:00,1098.1208687440983,0.6732766761095373,1059
2024-05-19 06:00:00,934.1171393341554,0.6979038224414303,811
2024-05-19 07:00:00,1136.3732673267327,0.6722772277227723,1010
2024-05-19 08:00:00,1032.5088520845231,0.5859508852084523,1751
2024-05-19 09:00:00,981.1590530176726,0.5471823941313771,2999
2024-05-19 10:00:00,1094.5443425076453,0.5214067278287462,4578
2024-05-19 11:00:00,1128.0986020503262,0.5245107176141659,5365
2024-05-19 12:00:00,1117.3101509797623,0.545615162222936,6226
2024-05-19 13:00:00,1131.5249789739278,0.5619848612279226,5945
2024-05-19 14:00:00,1189.680793015642,0.5891233175700255,5498
2024-05-19 15:00:00,1279.536007938758,0.5676212078253473,7054
2024-05-19 16:00:00,1325.7672612547021,0.5560004853779881,8241
2024-05-19 17:00:00,1266.408176650634,0.5637297770004372,9148
2024-05-19 18:00:00,1232.6722261771586,0.5667649750839011,9833
2024-05-19 19:00:00,1164.159730150493,0.5924234561494551,9635
2024-05-19 20:00:00,1098.4895561357703,0.6183637946040035,6894
2024-05-19 21:00:00,1105.2644613785938,0.6357810876342224,5774
2024-05-19 22:00:00,1172.2084568267142,0.6370282552855167,5061
2024-05-19 23:00:00,1190.5152146727803,0.6244268445185494,4798
2024-05-20 00:00:00,1225.8165632586997,0.6344753169678986,3707
2024-05-20 01:00:00,1071.6251567070622,0.6468867530296699,2393
2024-05-20 02:00:00,1240.7683054393306,0.5842050209205021,1912
2024-05-20 03:00:00,1313.3278985507247,0.5987318840579711,1104
2024-05-20 04:00:00,1113.8351063829787,0.6702127659574468,752
2024-05-20 05:00:00,943.6738794435857,0.6630602782071098,647
2024-05-20 06:00:00,851.4952638700947,0.6725304465493911,739
2024-05-20 07:00:00,898.6175213675214,0.6438746438746439,1404
2024-05-20 08:00:00,957.1479005081572,0.622091468307034,3739
2024-05-20 09:00:00,976.8517514999032,0.5767369847106638,5167
2024-05-20 10:00:00,1211.2595811932042,0.5320031608060055,5062
2024-05-20 11:00:00,1193.5410447761194,0.5137897469175859,6164
2024-05-20 12:00:00,1186.350884190932,0.5286531046403404,7521
2024-05-20 13:00:00,1166.3859266330287,0.5518887222146461,7333
2024-05-20 14:00:00,1205.6089826559669,0.562516179135387,7726
2024-05-20 15:00:00,1235.9639287765651,0.5631246410109133,8705
2024-05-20 16:00:00,1142.676347583643,0.5769052044609665,8608
2024-05-20 17:00:00,970.8955752212389,0.6242730720606827,3955
2024-05-20 18:00:00,1002.4474336283185,0.6343362831858407,5650
2024-05-20 19:00:00,1024.6396582609893,0.6282210279729916,7257
2024-05-20 20:00:00,1017.5449596066035,0.6345275728837373,5694
2024-05-20 21:00:00,1016.3680426716141,0.6361317254174397,4312
2024-05-20 22:00:00,1038.1745859353787,0.6217757263100733,3683
2024-05-20 23:00:00,986.7451751250893,0.6293781272337384,2798
2024-05-21 00:00:00,969.9820051413882,0.6606683804627249,1167
2024-05-21 01:00:00,1125.5,0.7387218045112782,532
2024-05-21 02:00:00,1139.9543147208121,0.7055837563451777,394
2024-05-21 03:00:00,1372.0740740740741,0.7,270
2024-05-21 04:00:00,1023.8036363636363,0.6690909090909091,275
2024-05-21 05:00:00,991.6831683168317,0.7161716171617162,606
2024-05-21 06:00:00,947.4493150684932,0.6643835616438356,1460
2024-05-21 07:00:00,932.5563263459509,0.6564620720856583,6631
2024-05-21 08:00:00,1035.0727451808077,0.5498100464330942,14214
2024-05-21 09:00:00,1078.0995213402473,0.5650179497407259,10028
2024-05-21 10:00:00,1241.9110604332952,0.5839984796655264,5262
2024-05-21 11:00:00,1123.8499698734686,0.5633661377786704,4979
2024-05-21 12:00:00,1099.5986423419602,0.5614481685758733,7071
2024-05-21 13:00:00,1056.5948252133223,0.5696394164602258,7266
2024-05-21 14:00:00,1106.4082775789636,0.594056324879415,6427
2024-05-21 15:00:00,1102.005816623297,0.61441910301546,6533
2024-05-21 16:00:00,1056.809831181728,0.6165590863952334,8056
2024-05-21 17:00:00,1027.554099689315,0.6583817371335945,7403
2024-05-21 18:00:00,1075.910187842421,0.5463735977041482,15332
2024-05-21 19:00:00,1004.9724294086308,0.5239744272775706,15016
2024-05-21 20:00:00,951.4714100389183,0.5575291887037221,10021
2024-05-21 21:00:00,937.2181660147762,0.5732290308561495,6903
2024-05-21 22:00:00,976.9850605441108,0.5390784714577764,6359
2024-05-21 23:00:00,999.7126288659794,0.5390893470790378,4656
2024-05-22 00:00:00,1000.6034482758621,0.5761143818334735,2378
2024-05-22 01:00:00,1025.8934865900383,0.6045977011494252,1305
2024-05-22 02:00:00,1373.5613147914032,0.5676359039190898,791
2024-05-22 03:00:00,1355.9127182044888,0.6084788029925187,401
2024-05-22 04:00:00,1420.7866666666666,0.6586666666666666,375
2024-05-22 05:00:00,976.6028708133971,0.696969696969697,627
2024-05-22 06:00:00,942.0271883289124,0.6412466843501327,1508
2024-05-22 07:00:00,889.9916371367824,0.5951807228915663,7055
2024-05-22 08:00:00,995.870679458536,0.5101853068734393,15218
2024-05-22 09:00:00,958.9168397291196,0.5455530474040632,11075
2024-05-22 10:00:00,1001.0101064789749,0.5776935571196535,5541
2024-05-22 11:00:00,1065.561690647482,0.5681654676258993,5560
2024-05-22 12:00:00,1022.4572604350382,0.5597883597883598,8505
2024-05-22 13:00:00,994.6506779413909,0.5754483160810614,6859
2024-05-22 14:00:00,1031.6025096881344,0.6119210186381251,5419
2024-05-22 15:00:00,1033.4303587856487,0.6281508739650414,5435
2024-05-22 16:00:00,1096.9076057846812,0.6173004820567756,7468
2024-05-22 17:00:00,1092.2310435594804,0.5908975120998556,11777
2024-05-22 18:00:00,1084.0689015195453,0.5311448787843638,17242
2024-05-22 19:00:00,1039.0861574881635,0.5128955893346624,16052
2024-05-22 20:00:00,956.8458813108946,0.5516189351441787,10161
2024-05-22 21:00:00,983.679086892489,0.5770250368188512,6790
2024-05-22 22:00:00,993.6615701264334,0.5355777712437518,6802
2024-05-22 23:00:00,1031.6476571619144,0.5336001334000333,5997
2024-05-23 00:00:00,1037.6124388137057,0.5554275842211345,3473
2024-05-23 01:00:00,1035.0071585903083,0.5892070484581498,1816
2024-05-23 02:00:00,1171.5933609958506,0.6358921161825726,964
2024-05-23 03:00:00,1101.3697813121273,0.6202783300198808,503
2024-05-23 04:00:00,1357.5785536159601,0.6807980049875312,401
2024-05-23 05:00:00,1000.2352941176471,0.685214626391097,629
2024-05-23 06:00:00,883.9225543478261,0.625,1472
2024-05-23 07:00:00,905.8475636363636,0.5989818181818182,6875
2024-05-23 08:00:00,1001.2121270576132,0.5066229423868313,15552
2024-05-23 09:00:00,969.1900976410611,0.5520608312451395,11573
2024-05-23 10:00:00,1036.70875798929,0.5937122128174124,5789
2024-05-23 11:00:00,1087.1253968253968,0.5721340388007055,5670
2024-05-23 12:00:00,995.7278827037774,0.5582753479125249,8048
2024-05-23 13:00:00,1015.7338879920527,0.5835092512107289,8053
2024-05-23 14:00:00,1090.6382759635187,0.5981170932627243,6798
2024-05-23 15:00:00,1141.2874505370266,0.6175805539853024,7076
2024-05-23 16:00:00,1074.6590523577972,0.622526291982359,8843
2024-05-23 17:00:00,1078.3440314889108,0.5957156914692302,13211
2024-05-23 18:00:00,1034.8711201483165,0.5368698044375336,16721
2024-05-23 19:00:00,992.6385712363783,0.5278487824566124,14866
2024-05-23 20:00:00,939.344077516314,0.5617955309472019,10114
2024-05-23 21:00:00,975.612366560377,0.5774296409261056,7213
2024-05-23 22:00:00,1021.7861598723342,0.5566516756129407,6893
2024-05-23 23:00:00,1032.3713285649064,0.53842641911429,6571
2024-05-24 00:00:00,999.2584968884634,0.5318334131163236,4178
2024-05-24 01:00:00,1132.9147727272727,0.5276515151515152,2640
2024-05-24 02:00:00,1069.9430604982206,0.5508896797153024,1405
2024-05-24 03:00:00,1277.9321148825065,0.6057441253263708,766
2024-05-24 04:00:00,982.1063829787234,0.6112185686653772,517
2024-05-24 05:00:00,1039.18125,0.645,800
2024-05-24 06:00:00,947.6302864938608,0.6227830832196453,1466
2024-05-24 07:00:00,845.8715581728474,0.5938246060798982,6283
2024-05-24 08:00:00,958.8485248447205,0.5384316770186336,12880
2024-05-24 09:00:00,944.0813643292682,0.5620236280487805,10496
2024-05-24 10:00:00,1034.0262153641945,0.5893479342956695,6027
2024-05-24 11:00:00,1134.7387833306723,0.5843844802810155,6263
2024-05-24 12:00:00,1024.0796052631579,0.5533991228070175,9120
2024-05-24 13:00:00,994.9014192980526,0.5790516008361756,9089
2024-05-24 14:00:00,1100.93734145104,0.5957635717909691,7884
2024-05-24 15:00:00,1081.4953400503778,0.6124685138539043,7940
2024-05-24 16:00:00,1113.8234713029735,0.6105897461226909,10123
2024-05-24 17:00:00,1099.6492531928711,0.5933328522981456,13859
2024-05-24 18:00:00,1079.7234739860712,0.5434540879030842,17087
2024-05-24 19:00:00,1055.359263506626,0.5386722731906218,15696
2024-05-24 20:00:00,1021.826976744186,0.5824101479915433,11825
2024-05-24 21:00:00,1006.348134991119,0.605683836589698,7882
2024-05-24 22:00:00,1001.9730858468678,0.6281515854601701,6465
2024-05-24 23:00:00,1025.9214844349026,0.6049685631038184,6521
2024-05-25 00:00:00,1001.8952363896848,0.5984957020057307,5584
2024-05-25 01:00:00,1042.2919724260619,0.5801645541472092,4497
2024-05-25 02:00:00,1104.6124612202689,0.5305067218200621,3868
2024-05-25 03:00:00,1212.2924045651318,0.503345139708776,2541
2024-05-25 04:00:00,1152.6866438356165,0.5108447488584474,1752
2024-05-25 05:00:00,924.0383458646617,0.5796992481203007,1330
2024-05-25 06:00:00,940.8266542404474,0.6272134203168686,1073
2024-05-25 07:00:00,888.7624390243902,0.6273170731707317,2050
2024-05-25 08:00:00,921.6725929978118,0.5757658643326039,3656
2024-05-25 09:00:00,1001.3126471577531,0.5433905146316852,5946
2024-05-25 10:00:00,1088.3036416033535,0.5123133350799057,7634
2024-05-25 11:00:00,1126.9045652416564,0.49146110056925996,8959
2024-05-25 12:00:00,1132.2563106796117,0.506116504854369,10300
2024-05-25 13:00:00,1148.9135449526814,0.5295741324921136,10144
2024-05-25 14:00:00,1272.631057484795,0.5255051991367471,10194
2024-05-25 15:00:00,1267.0337244604907,0.5266267334044473,12187
2024-05-25 16:00:00,1299.9240276577355,0.5394122731201383,11570
2024-05-25 17:00:00,1332.6443204530312,0.5468021319120586,12008
2024-05-25 18:00:00,1268.2141230068337,0.5352261633582818,12292
2024-05-25 19:00:00,1163.6391132224862,0.5444180522565321,12630
2024-05-25 20:00:00,1090.001628664495,0.580166485703945,11052
2024-05-25 21:00:00,1106.0810030195614,0.6082447157673625,7617
2024-05-25 22:00:00,1141.9294852269265,0.6091989034419738,6566
2024-05-25 23:00:00,1101.6244363021422,0.5932919954904171,7096
2024-05-26 00:00:00,1113.5536828963795,0.5947253433208489,6408
2024-05-26 01:00:00,1092.936495491964,0.566640533124265,5102
2024-05-26 02:00:00,1143.1795348837209,0.543953488372093,4300
2024-05-26 03:00:00,1108.7355523043161,0.5519385515727872,2734
2024-05-26 04:00:00,1178.923076923077,0.5320064550833782,1859
2024-05-26 05:00:00,1018.1000794281175,0.6115965051628276,1259
2024-05-26 06:00:00,942.9308565531476,0.6594427244582043,969
2024-05-26 07:00:00,954.5508982035929,0.603459747172322,1503
2024-05-26 08:00:00,1055.1810903545559,0.5486084635913077,2623
2024-05-26 09:00:00,1031.884984025559,0.5237159007127058,4069
2024-05-26 10:00:00,1083.251171352075,0.5306224899598394,5976
2024-05-26 11:00:00,1158.2083771008404,0.5189075630252101,7616
2024-05-26 12:00:00,1188.7606302861777,0.521608156644653,8631
2024-05-26 13:00:00,1217.8404113732608,0.5385359951603146,8265
2024-05-26 14:00:00,1281.1353604132426,0.5616341864287392,8518
2024-05-26 15:00:00,1493.3091748413156,0.5512983266012694,8665
2024-05-26 16:00:00,1213.592626015212,0.5814103390486013,7757
2024-05-26 17:00:00,1218.6318862116548,0.5669249548880161,9421
2024-05-26 18:00:00,1152.5811778750497,0.568842021488261,10052
2024-05-26 19:00:00,1123.8520379676158,0.5740926856504746,8955
2024-05-26 20:00:00,1037.1235144879156,0.5881960208305514,7489
2024-05-26 21:00:00,1063.6793379410694,0.6134958166606038,5498
2024-05-26 22:00:00,1255.635067533767,0.5907953976988495,3998
2024-05-26 23:00:00,1037.1466815393196,0.5828220858895705,3586
2024-05-27 00:00:00,1105.1869565217391,0.5937198067632851,2070
2024-05-27 01:00:00,1156.3475711892797,0.6306532663316583,1194
2024-05-27 02:00:00,1232.8524404086265,0.48354143019296253,881
2024-05-27 03:00:00,1352.019305019305,0.5115830115830116,518
2024-05-27 04:00:00,1373.8242424242424,0.7090909090909091,330
2024-05-27 05:00:00,1062.7396825396825,0.7142857142857143,630
2024-05-27 06:00:00,952.2059447983015,0.6369426751592356,1413
2024-05-27 07:00:00,886.6606386445096,0.6200716845878136,6138
2024-05-27 08:00:00,981.9210047324353,0.539206406989443,13735
2024-05-27 09:00:00,988.1865790521705,0.5599362803663879,10044
2024-05-27 10:00:00,1067.2060975609756,0.5878048780487805,4920
2024-05-27 11:00:00,1046.4795232936078,0.5781148429035753,4615
2024-05-27 12:00:00,974.156780970034,0.556997219647822,6474
2024-05-27 13:00:00,938.1930132708821,0.5901639344262295,5124
2024-05-27 14:00:00,1069.208317139526,0.6090167120093276,5146
2024-05-27 15:00:00,992.934748427673,0.6540880503144654,3816
2024-05-27 16:00:00,1014.759435977781,0.6207093006694203,7021
2024-05-27 17:00:00,1059.5196870701513,0.6029057771664375,11632
2024-05-27 18:00:00,1033.4236547554917,0.5331896809720477,16707
2024-05-27 19:00:00,972.7208025486342,0.5308072934318444,14753
2024-05-27 20:00:00,940.4572707400854,0.5543874258353284,9607
2024-05-27 21:00:00,966.0739431433201,0.5539843865075857,6789
2024-05-27 22:00:00,1011.296006655574,0.5236272878535774,6010
2024-05-27 23:00:00,984.9277938235948,0.5394356809597867,4501
2024-05-28 00:00:00,1034.758014931928,0.5634606938954765,2277
2024-05-28 01:00:00,1090.0329249617153,0.6094946401225115,1306
2024-05-28 02:00:00,1075.5608308605342,0.5830860534124629,674
2024-05-28 03:00:00,1246.686460807601,0.6437054631828979,421
2024-05-28 04:00:00,1057.1818181818182,0.6656891495601173,341
2024-05-28 05:00:00,935.2311475409836,0.6836065573770492,610
2024-05-28 06:00:00,870.8741123305358,0.6307295029051001,1549
2024-05-28 07:00:00,874.5574028952271,0.5992546939945536,6977
2024-05-28 08:00:00,972.8137107861518,0.508936382952131,16002
2024-05-28 09:00:00,976.3048632502567,0.5490525529730235,10713
2024-05-28 10:00:00,959.7247658688866,0.6253902185223725,3844
2024-05-28 11:00:00,963.1497844827586,0.6174568965517241,2784
2024-05-28 12:00:00,887.9669724770642,0.5756880733944955,4360
2024-05-28 13:00:00,870.5414808206958,0.5965655664585192,4484
2024-05-28 14:00:00,918.3127897463867,0.6272157076629398,3667
2024-05-28 15:00:00,1041.218573292736,0.6335363201391909,4598
2024-05-28 16:00:00,1028.4503671071952,0.6331864904552129,6810
2024-05-28 17:00:00,1050.0153547476173,0.6024532297917402,11332
2024-05-28 18:00:00,1059.3485714285714,0.5396387520525452,15225
2024-05-28 19:00:00,1000.4859657633932,0.5267863330792155,14429
2024-05-28 20:00:00,944.8287926007841,0.5600683623202976,9947
2024-05-28 21:00:00,981.0648817112906,0.5656608584785381,7059
2024-05-28 22:00:00,1015.679605572077,0.5370167475348255,6389
2024-05-28 23:00:00,992.4088508468403,0.5319613913676926,5491
2024-05-29 00:00:00,951.1774509803921,0.5575163398692811,3060
2024-05-29 01:00:00,1030.3824675324674,0.6168831168831169,1540
2024-05-29 02:00:00,1174.669891172914,0.599758162031439,827
2024-05-29 03:00:00,1104.5366379310344,0.6379310344827587,464
2024-05-29 04:00:00,1104.9157894736843,0.6921052631578948,380
2024-05-29 05:00:00,950.4918367346938,0.726530612244898,490
2024-05-29 06:00:00,901.4606382978724,0.6457446808510638,940
2024-05-29 07:00:00,878.5524171645844,0.6205866376969038,3682
2024-05-29 08:00:00,915.255579230683,0.5820343164741505,8917
2024-05-29 09:00:00,878.0166685959023,0.5828220858895705,8639
2024-05-29 10:00:00,928.0266071081763,0.605748689065838,5149
2024-05-29 11:00:00,971.5145810262089,0.5736434108527132,5418
2024-05-29 12:00:00,859.7984953233022,0.585197234648231,4918
2024-05-29 13:00:00,831.4150994821478,0.6268738075769965,3669
2024-05-29 14:00:00,867.5316725978647,0.6345195729537366,2810
2024-05-29 15:00:00,918.4695755417038,0.6518254674977738,3369
2024-05-29 16:00:00,980.5160042964554,0.6506981740064447,4655
2024-05-29 17:00:00,952.1463461171533,0.6569356992940278,5241
2024-05-29 18:00:00,989.3919550982226,0.6009354536950421,10690
2024-05-29 19:00:00,931.5363061491496,0.5879851722634104,9172
2024-05-29 20:00:00,876.6572668112798,0.6348517715112075,5532
2024-05-29 21:00:00,956.6297577854672,0.6247597078046905,5202
2024-05-29 22:00:00,991.9129768065939,0.5913360168679318,5217
2024-05-29 23:00:00,951.9346359618515,0.5773435682716911,4299
2024-05-30 00:00:00,999.4194796061885,0.5717299578059072,2844
2024-05-30 01:00:00,1043.4130571249216,0.5919648462021343,1593
2024-05-30 02:00:00,1176.42417331813,0.6180159635119726,877
2024-05-30 03:00:00,1167.7436399217222,0.6262230919765166,511
2024-05-30 04:00:00,1223.4456233421752,0.7002652519893899,377
2024-05-30 05:00:00,937.3499288762447,0.6799431009957326,703
2024-05-30 06:00:00,948.8112313937754,0.6434370771312584,1478
2024-05-30 07:00:00,914.1042426251242,0.6098773616175008,6034
2024-05-30 08:00:00,988.937454386221,0.5401401255291198,13702
2024-05-30 09:00:00,907.1020729785429,0.6004364165353376,8249
2024-05-30 10:00:00,985.9881453154876,0.6003824091778203,5230
2024-05-30 11:00:00,1020.8537771129394,0.5905011219147345,5348
2024-05-30 12:00:00,932.4246347941568,0.5640770252324038,6024
2024-05-30 13:00:00,921.0073578595318,0.5864548494983277,5980
2024-05-30 14:00:00,954.2914560161779,0.6266430738119313,3956
2024-05-30 15:00:00,1002.5588235294117,0.6565126050420168,4760
2024-05-30 16:00:00,1048.5937167199147,0.6361821086261981,7512
2024-05-30 17:00:00,1090.6409440910613,0.5990123870103783,11948
2024-05-30 18:00:00,1542.146390060947,0.5353961556493202,17064
2024-05-30 19:00:00,997.3961303462322,0.5565173116089613,9820
2024-05-30 20:00:00,967.6084046521835,0.5937019969278033,9114
2024-05-30 21:00:00,977.3061379519903,0.6125797629899726,6582
2024-05-30 22:00:00,1012.1585689735979,0.5856897359787533,6401
2024-05-30 23:00:00,949.3084526244036,0.560838445807771,5868
2024-05-31 00:00:00,1042.2206130823074,0.5773594013999517,4143
2024-05-31 01:00:00,1106.1285665177036,0.5727053970436576,2909
2024-05-31 02:00:00,1092.3082754264055,0.5824384080859129,1583
2024-05-31 03:00:00,1181.3908045977012,0.5747126436781609,870
2024-05-31 04:00:00,1098.5530903328051,0.5863708399366085,631
2024-05-31 05:00:00,1083.8757612667478,0.6686967113276492,821
2024-05-31 06:00:00,1004.5303558967202,0.633635729239358,1433
2024-05-31 07:00:00,865.3217755763003,0.6199276052581444,5249
2024-05-31 08:00:00,932.329994681794,0.5584116291437689,11282
2024-05-31 09:00:00,886.4968845707044,0.5775689090717077,9469
2024-05-31 10:00:00,1002.1219996390544,0.5912290200324851,5541
2024-05-31 11:00:00,1021.0795008912656,0.5638146167557933,5610
2024-05-31 12:00:00,939.7358294930875,0.5652073732718894,8680
2024-05-31 13:00:00,939.3271657885064,0.5789731650533023,8161
2024-05-31 14:00:00,944.2957831325301,0.6013554216867469,6640
2024-05-31 15:00:00,1004.7695547533093,0.6468110709987966,4986
2024-05-31 16:00:00,1021.5319760479042,0.615688622754491,8350
2024-05-31 17:00:00,992.6386025722886,0.610051993067591,10963
2024-05-31 18:00:00,995.5120310478654,0.592496765847348,11595
2024-05-31 19:00:00,976.4924336156848,0.5963643285428761,10507
2024-05-31 20:00:00,965.190404040404,0.619570707070707,7920
2024-05-31 21:00:00,977.6583060003859,0.6463438163225931,5183
2024-05-31 22:00:00,986.5015334287467,0.6679615620527499,4891
2024-05-31 23:00:00,1036.3676470588234,0.6306114551083591,5168
2024-06-01 00:00:00,1029.0830513688095,0.6450322977545371,3251
2024-06-01 01:00:00,1009.3678354686447,0.6348617666891436,2966
2024-06-01 02:00:00,1087.0966867469879,0.5924698795180723,3320
2024-06-01 03:00:00,1160.9121798222686,0.6053319393622583,1913
2024-06-01 04:00:00,1192.5859916782247,0.5769764216366158,1442
2024-06-01 05:00:00,943.1313799621928,0.6323251417769377,1058
2024-06-01 06:00:00,842.3268482490272,0.6896887159533074,1028
2024-06-01 07:00:00,828.3199079401611,0.6409666283084005,1738
2024-06-01 08:00:00,864.128820243181,0.6164968780808413,3043
2024-06-01 09:00:00,939.2260943476413,0.5747981300467488,4706
2024-06-01 10:00:00,972.8945258019526,0.560320781032078,5736
2024-06-01 11:00:00,1062.3779359430605,0.5423487544483986,7025
2024-06-01 12:00:00,1075.7450093574548,0.5645664379288834,6412
2024-06-01 13:00:00,952.447052547346,0.6148306214990664,3749
2024-06-01 14:00:00,1031.7679808841099,0.63584229390681,4185
2024-06-01 15:00:00,1024.0846921392067,0.6128011681674373,4109
2024-06-01 16:00:00,1027.8429349383778,0.6337059329320722,3489
2024-06-01 17:00:00,1058.5242505894241,0.613506231054227,5938
2024-06-01 18:00:00,1029.2857978645604,0.6245429281848764,6837
2024-06-01 19:00:00,1066.4400218848311,0.630967035973191,7311
2024-06-01 20:00:00,1037.1082514226591,0.6475685463010864,7732
2024-06-01 21:00:00,1112.2262320527745,0.6554132712456344,5154
2024-06-01 22:00:00,1229.7183846971307,0.6575982996811902,4705
2024-06-01 23:00:00,1199.7661436330718,0.6475558237779119,6628
2024-06-02 00:00:00,1240.5447182491814,0.6425986558676546,5803
2024-06-02 01:00:00,1242.7847067557536,0.6202672605790646,5388
2024-06-02 02:00:00,1266.9407937540664,0.5983517675124702,4611
2024-06-02 03:00:00,1216.2443517553006,0.5964546402502607,2877
2024-06-02 04:00:00,1230.9031719532554,0.6221480244852532,1797
2024-06-02 05:00:00,1050.4377133105802,0.6501706484641638,1172
2024-06-02 06:00:00,1050.5666251556663,0.688667496886675,803
2024-06-02 07:00:00,865.3410041841004,0.6799163179916318,956
2024-06-02 08:00:00,1153.6290971822887,0.5934445083381253,1739
2024-06-02 09:00:00,956.3207177814029,0.5794453507340946,3065
2024-06-02 10:00:00,968.5086946951353,0.5610829848117984,4543
2024-06-02 11:00:00,1017.9923405771286,0.5220876380477378,5614
2024-06-02 12:00:00,1062.6532760154166,0.5410613697005633,6746
2024-06-02 13:00:00,1052.4908124525437,0.5638572513287775,6585
2024-06-02 14:00:00,1123.4965821703217,0.5759043007690117,7022
2024-06-02 15:00:00,1144.947168467292,0.5708179983378844,8423
2024-06-02 16:00:00,1137.5594919786097,0.5582664884135472,8976
2024-06-02 17:00:00,1135.102799832846,0.5650856665273715,9572
2024-06-02 18:00:00,1114.3525483649219,0.566532456054208,10183
2024-06-02 19:00:00,1052.6188671071159,0.5791183797248998,9233
2024-06-02 20:00:00,1089.3770202762269,0.6019688510138114,6806
2024-06-02 21:00:00,3270.803793219201,0.6022155085599195,5958
2024-06-02 22:00:00,,,0
2024-06-02 23:00:00,1195.9092511013216,0.5726872246696035,1135
2024-06-03 00:00:00,1023.9306239737274,0.59688013136289,2436
2024-06-03 01:00:00,1170.709090909091,0.6142857142857143,1540
2024-06-03 02:00:00,1631.0039113428943,0.5736636245110821,767
2024-06-03 03:00:00,1523.707468879668,0.5435684647302904,482
2024-06-03 04:00:00,1282.1209150326797,0.7124183006535948,306
2024-06-03 05:00:00,880.6687697160884,0.6892744479495269,634
2024-06-03 06:00:00,882.7745620715917,0.6648895658796649,1313
2024-06-03 07:00:00,874.6166782246879,0.638869625520111,5768
2024-06-03 08:00:00,1007.9324573863636,0.5354403409090909,14080
2024-06-03 09:00:00,984.1480154614877,0.5509569152446497,10607
2024-06-03 10:00:00,1127.0648165747957,0.6019768104923019,5261
2024-06-03 11:00:00,1062.6350758180367,0.5688347964884277,5012
2024-06-03 12:00:00,1184.3035467526486,0.5485951174573929,6513
2024-06-03 13:00:00,957.4346169546877,0.5619812219349571,7349
2024-06-03 14:00:00,1077.2419568822554,0.6039800995024875,6030
2024-06-03 15:00:00,1392.3831949856005,0.618499068270371,5903
2024-06-03 16:00:00,1101.8866015352407,0.6181670155850197,8598
2024-06-03 17:00:00,1111.8519522776573,0.5801828323520297,12908
2024-06-03 18:00:00,1095.334436008677,0.4933297180043384,18440
2024-06-03 19:00:00,1011.6960895975702,0.49025563148569984,15804
2024-06-03 20:00:00,933.0395726892708,0.5307942405945193,10765
2024-06-03 21:00:00,990.8717346233586,0.5734623358673117,7235
2024-06-03 22:00:00,1046.0996419118792,0.5354195858633037,6423
2024-06-03 23:00:00,1079.8225345925764,0.5273446079508016,4553
2024-06-04 00:00:00,1149.2488226059654,0.5404238618524333,2548
2024-06-04 01:00:00,1153.916179337232,0.599090318388564,1539
2024-06-04 02:00:00,1418.9482439926062,0.5452865064695009,1082
2024-06-04 03:00:00,1491.5903010033444,0.5267558528428093,598
2024-06-04 04:00:00,1228.7328605200946,0.6359338061465721,423
2024-06-04 05:00:00,912.1398713826367,0.6591639871382636,622
2024-06-04 06:00:00,927.2754182754182,0.6190476190476191,1554
2024-06-04 07:00:00,911.2407492706894,0.5742361430984185,6513
2024-06-04 08:00:00,1023.1509061546743,0.4902207069800825,16719
2024-06-04 09:00:00,981.6136827773996,0.5295268890401634,11752
2024-06-04 10:00:00,1034.2106167325203,0.5823741625150318,5821
2024-06-04 11:00:00,1053.6846399432422,0.5755587087619723,5638
2024-06-04 12:00:00,1008.2175486769845,0.5501747378931603,8012
2024-06-04 13:00:00,990.8994585281812,0.5750676839773566,8126
2024-06-04 14:00:00,1087.3700568891356,0.6030248369640627,7207
2024-06-04 15:00:00,1297.1910026101643,0.6129279901734992,6513
2024-06-04 16:00:00,1072.4521235942789,0.6145867452778687,9159
2024-06-04 17:00:00,1093.6009762900976,0.5657601115760111,14340
2024-06-04 18:00:00,1089.7254431495446,0.47463519733620607,20422
2024-06-04 19:00:00,1001.9723257981823,0.4786762992309485,17164
2024-06-04 20:00:00,931.0463431663467,0.5303717926339675,11458
2024-06-04 21:00:00,988.0860650550563,0.5505632198455892,7901
2024-06-04 22:00:00,1004.3983305073692,0.5211947306638842,7667
2024-06-04 23:00:00,1027.2381102859852,0.49897298151366726,6329
2024-06-05 00:00:00,1051.3157306510197,0.5386979603241129,3579
2024-06-05 01:00:00,1115.5789203084832,0.5547557840616967,1945
2024-06-05 02:00:00,1251.684306569343,0.5483576642335767,1096
2024-06-05 03:00:00,1633.2828618968385,0.5790349417637272,601
2024-06-05 04:00:00,1331.7900677200903,0.6659142212189616,443
2024-06-05 05:00:00,894.3418290854572,0.6746626686656672,667
2024-06-05 06:00:00,926.3495145631068,0.6187702265372168,1545
2024-06-05 07:00:00,906.4136422553468,0.5861957226182761,6172
2024-06-05 08:00:00,989.7750874012689,0.4902887478958954,15446
2024-06-05 09:00:00,954.5157421289356,0.5174912543728136,12006
2024-06-05 10:00:00,1307.8064567940894,0.5758111146803726,6226
2024-06-05 11:00:00,1039.7352994720554,0.5665392317494994,5493
2024-06-05 12:00:00,991.0852904820766,0.5366895156759186,8899
2024-06-05 13:00:00,967.946374797313,0.5657864257586287,8634
2024-06-05 14:00:00,1029.4330034768655,0.5940090933404654,7478
2024-06-05 15:00:00,1074.5272486772487,0.6039682539682539,7560
2024-06-05 16:00:00,1093.0485480435027,0.5989460701872408,8919
2024-06-05 17:00:00,1114.0754175557354,0.5583106467515268,13591
2024-06-05 18:00:00,1122.4435883905014,0.4782058047493404,18950
2024-06-05 19:00:00,1034.2416091685184,0.4836276458893697,17102
2024-06-05 20:00:00,976.9897197082857,0.5202530533345049,11381
2024-06-05 21:00:00,973.3205557623123,0.5515444733903982,8061
2024-06-05 22:00:00,1008.0405303977983,0.51138353765324,7994
2024-06-05 23:00:00,1024.5976002341235,0.5058530875036582,6834
2024-06-06 00:00:00,1067.2395437262358,0.538403041825095,3945
2024-06-06 01:00:00,1186.3871113114014,0.5691753041910771,2219
2024-06-06 02:00:00,1168.4675105485233,0.5780590717299579,1185
2024-06-06 03:00:00,1239.378164556962,0.615506329113924,632
2024-06-06 04:00:00,1138.8510158013544,0.6433408577878104,443
2024-06-06 05:00:00,877.6794326241135,0.6921985815602837,705
2024-06-06 06:00:00,908.810038119441,0.6404066073697586,1574
2024-06-06 07:00:00,928.3217182337038,0.5869630519675578,6658
2024-06-06 08:00:00,1014.553725439336,0.4925750599831399,15421
2024-06-06 09:00:00,1006.343137254902,0.5352597179222566,11628
2024-06-06 10:00:00,1040.442422180643,0.5912570164994047,5879
2024-06-06 11:00:00,1121.345224582455,0.567699043294957,6167
2024-06-06 12:00:00,1009.066237350506,0.5396734130634775,8696
2024-06-06 13:00:00,1032.4060913705584,0.574329224075417,8274
2024-06-06 14:00:00,1093.9398764584764,0.5971173644474949,7285
2024-06-06 15:00:00,1095.0289946821981,0.6166118004558115,7898
2024-06-06 16:00:00,1109.547263146575,0.6043660608667598,9299
2024-06-06 17:00:00,1133.4255996603692,0.5702257128705865,14133
2024-06-06 18:00:00,1125.8428681970595,0.4875935001289657,19385
2024-06-06 19:00:00,1051.3754346672954,0.48647374314846464,16967
2024-06-06 20:00:00,1018.4149676986324,0.5335179125765585,11919
2024-06-06 21:00:00,969.4559337840989,0.5659827465609699,8578
2024-06-06 22:00:00,988.8759989344699,0.5314331379861481,7508
2024-06-06 23:00:00,1074.0329341317365,0.5164670658682635,6680
2024-06-07 00:00:00,951.0933003597122,0.5460881294964028,4448
2024-06-07 01:00:00,1183.1407549584133,0.5348688419705694,3126
2024-06-07 02:00:00,1236.1194366197183,0.5340845070422535,1775
2024-06-07 03:00:00,1217.9410548086867,0.5573940020682523,967
2024-06-07 04:00:00,1182.7328125,0.665625,640
2024-06-07 05:00:00,1070.6906474820144,0.6438848920863309,834
2024-06-07 06:00:00,970.8810545677499,0.6235438381361128,1631
2024-06-07 07:00:00,889.9803853497657,0.5917375455650061,5761
2024-06-07 08:00:00,945.7354823228284,0.5212765957446809,12502
2024-06-07 09:00:00,938.7403225806452,0.542831541218638,11160
2024-06-07 10:00:00,1031.748869509044,0.5689599483204134,6192
2024-06-07 11:00:00,1060.416050686378,0.5659978880675819,6629
2024-06-07 12:00:00,1015.9724618102463,0.5272783955107555,9623
2024-06-07 13:00:00,1022.6967264386989,0.548790658882402,9592
2024-06-07 14:00:00,1088.5333176912247,0.583176912247771,8524
2024-06-07 15:00:00,1121.9129737776252,0.5893736402152754,8733
2024-06-07 16:00:00,1134.2477203647416,0.5795022796352584,10528
2024-06-07 17:00:00,1120.434346138402,0.5456431535269709,14942
2024-06-07 18:00:00,1128.8352621634388,0.5139938592347661,16936
2024-06-07 19:00:00,1115.6596123292024,0.5085478233238004,15735
2024-06-07 20:00:00,1077.3408478314138,0.5397369925671812,12243
2024-06-07 21:00:00,1113.6483378870673,0.5774134790528234,8784
2024-06-07 22:00:00,1125.0638760880697,0.5855094726062468,7812
2024-06-07 23:00:00,1118.6306886830448,0.5816888172909115,7449
2024-06-08 00:00:00,1061.7344504830917,0.5567632850241546,6624
2024-06-08 01:00:00,1123.3458074844907,0.5761456874124474,4997
2024-06-08 02:00:00,1213.1914435946462,0.5336998087954111,4184
2024-06-08 03:00:00,1192.340461215933,0.529979035639413,2385
2024-06-08 04:00:00,1467.0261958997721,0.5062642369020501,1756
2024-06-08 05:00:00,1038.1366849960723,0.6087981146897093,1273
2024-06-08 06:00:00,957.2611301369863,0.6481164383561644,1168
2024-06-08 07:00:00,1006.3284313725491,0.6372549019607843,1836
2024-06-08 08:00:00,938.9887005649717,0.5756764793339281,3363
2024-06-08 09:00:00,1005.9038699416858,0.5492136419862167,5659
2024-06-08 10:00:00,1046.4162797049987,0.497131931166348,7322
2024-06-08 11:00:00,1134.0017097914053,0.4924199247691782,8773
2024-06-08 12:00:00,1152.035195416411,0.5135052179251074,9774
2024-06-08 13:00:00,1177.758486064418,0.5265155623034378,9221
2024-06-08 14:00:00,1255.0818465880457,0.5213184154823103,9921
2024-06-08 15:00:00,1307.0760731751495,0.5179315341423655,11042
2024-06-08 16:00:00,1299.1197114961737,0.5231770604274782,11369
2024-06-08 17:00:00,1211.2481096800998,0.5318653926049024,12035
2024-06-08 18:00:00,1186.241559454191,0.5315399610136452,12825
2024-06-08 19:00:00,1160.5364521491333,0.5389060397371962,12633
2024-06-08 20:00:00,1127.6085549600566,0.5735665891394479,9889
2024-06-08 21:00:00,1102.1115681233932,0.6019280205655527,7780
2024-06-08 22:00:00,1152.2747047855812,0.6068986948415165,6436
2024-06-08 23:00:00,1100.2012364760433,0.5918083462132921,6470
2024-06-09 00:00:00,1063.2969739619987,0.5869106263194933,5684
2024-06-09 01:00:00,1145.8109851011786,0.5975094507449411,4497
2024-06-09 02:00:00,1190.6084601496002,0.5824090791849368,3877
2024-06-09 03:00:00,1175.970112079701,0.5757575757575758,2409
2024-06-09 04:00:00,1216.7635410599883,0.5562026790914385,1717
2024-06-09 05:00:00,1032.0893901420218,0.6106934001670844,1197
2024-06-09 06:00:00,967.6838156484458,0.6377277599142551,933
2024-06-09 07:00:00,950.296803652968,0.6045662100456621,1095
2024-06-09 08:00:00,969.1732150401352,0.5555555555555556,2367
2024-06-09 09:00:00,1040.3428427164858,0.5278969957081545,3961
2024-06-09 10:00:00,1067.1608931209983,0.5105893941881464,6091
2024-06-09 11:00:00,1174.853318250377,0.513700351935646,7956
2024-06-09 12:00:00,1162.5570655058923,0.5107760908801359,9419
2024-06-09 13:00:00,1191.8049532195928,0.5346175013758944,9085
2024-06-09 14:00:00,1253.3340362716153,0.547870097005483,9484
2024-06-09 15:00:00,1262.2722951131393,0.5294732838942765,10518
2024-06-09 16:00:00,1256.7773038300897,0.5347907224740069,11253
2024-06-09 17:00:00,1211.4713359273671,0.5344574146130566,11565
2024-06-09 18:00:00,1155.0577669902912,0.5459546925566343,12360
2024-06-09 19:00:00,1059.7531395148803,0.5461895750903148,11626
2024-06-09 20:00:00,1072.2882408058092,0.5699226985242446,8538
2024-06-09 21:00:00,1028.6850785747627,0.5767854364400187,6427
2024-06-09 22:00:00,1058.7139087825103,0.5838673200150772,5306
2024-06-09 23:00:00,1079.6446971455093,0.5760037131585054,4309
2024-06-10 00:00:00,1183.080047318612,0.6293375394321766,2536
2024-06-10 01:00:00,1083.4104254044337,0.6027561414020371,1669
2024-06-10 02:00:00,1160.189898989899,0.5373737373737374,990
2024-06-10 03:00:00,1170.1836734693877,0.614100185528757,539
2024-06-10 04:00:00,1043.907643312102,0.6878980891719745,314
2024-06-10 05:00:00,856.2546063651591,0.7051926298157454,597
2024-06-10 06:00:00,852.8063642518619,0.6323628977657414,1477
2024-06-10 07:00:00,919.0193057360312,0.5955077037312048,5387
2024-06-10 08:00:00,1013.4323131466609,0.5115404095217423,13821
2024-06-10 09:00:00,969.9349672883508,0.5393028024606972,10241
2024-06-10 10:00:00,1016.725063192689,0.5802061053859615,5143
2024-06-10 11:00:00,1055.5122402797779,0.5747788520880477,4861
2024-06-10 12:00:00,942.236812749004,0.5533067729083665,6275
2024-06-10 13:00:00,946.6373659117997,0.5569129916567342,6712
2024-06-10 14:00:00,944.1027013251784,0.6077981651376146,3924
2024-06-10 15:00:00,976.2901765504753,0.633091896785876,4418
2024-06-10 16:00:00,1051.3109927089176,0.6132922041503085,7132
2024-06-10 17:00:00,1061.9844542355972,0.5717017208413002,12029
2024-06-10 18:00:00,1034.1163820366855,0.49445115289517566,17391
2024-06-10 19:00:00,984.5599973215482,0.5140618722378465,14934
2024-06-10 20:00:00,974.8546965244706,0.5503090485358192,9869
2024-06-10 21:00:00,1412.351439114391,0.5734317343173432,6775
2024-06-10 22:00:00,7966.6385790995455,0.5729037587773648,2421
2024-06-10 23:00:00,,,0
2024-06-11 00:00:00,,,0
2024-06-11 01:00:00,1146.0643015521064,0.6374722838137472,902
2024-06-11 02:00:00,1424.9645120405576,0.6337135614702155,789
2024-06-11 03:00:00,1464.467672413793,0.6314655172413793,464
2024-06-11 04:00:00,1160.220238095238,0.6994047619047619,336
2024-06-11 05:00:00,905.1085899513777,0.6807131280388979,617
2024-06-11 06:00:00,873.0183660544649,0.6421785940468651,1579
2024-06-11 07:00:00,891.8714144411474,0.5944609297725024,6066
2024-06-11 08:00:00,1019.0637535816619,0.502930450638187,15356
2024-06-11 09:00:00,947.4253705318222,0.5353966870095902,11470
2024-06-11 10:00:00,1056.8954838709678,0.5813824884792627,5425
2024-06-11 11:00:00,1069.7285740844022,0.5679494329801078,5379
2024-06-11 12:00:00,991.6080512043119,0.5570153276065353,5937
2024-06-11 13:00:00,988.4905284147558,0.5792622133599202,7021
2024-06-11 14:00:00,1013.8917098445596,0.6051813471502591,5790
2024-06-11 15:00:00,1068.025191675794,0.6163354717571585,6391
2024-06-11 16:00:00,1047.9427900654887,0.6111454343259607,8093
2024-06-11 17:00:00,1052.621727237202,0.582883939038687,12795
2024-06-11 18:00:00,1071.2687656607472,0.5181392308530341,18358
2024-06-11 19:00:00,991.0634000488162,0.5151330241640224,16388
2024-06-11 20:00:00,951.7008911642017,0.5689230185817217,10548
2024-06-11 21:00:00,975.4281528832068,0.5793048341989613,7509
2024-06-11 22:00:00,1010.6924093378359,0.5652620760534429,6811
2024-06-11 23:00:00,1005.1004184100418,0.5546661815535747,5497
2024-06-12 00:00:00,1048.4262888151945,0.5975278866445584,3317
2024-06-12 01:00:00,1094.6786703601108,0.6005540166204986,1805
2024-06-12 02:00:00,1107.2574712643677,0.6436781609195402,870
2024-06-12 03:00:00,1064.0628683693517,0.6679764243614931,509
2024-06-12 04:00:00,1043.0569800569801,0.7037037037037037,351
2024-06-12 05:00:00,949.7176287051482,0.6801872074882995,641
2024-06-12 06:00:00,900.5380397532557,0.6285126799177518,1459
2024-06-12 07:00:00,898.3439201451905,0.6081669691470054,5510
2024-06-12 08:00:00,990.7132114522249,0.5194204898240773,14495
2024-06-12 09:00:00,943.0961999315304,0.5413385826771654,11684
2024-06-12 10:00:00,1023.2889537880089,0.5964610891599381,5821
2024-06-12 11:00:00,1089.9125602074841,0.588180807706558,5398
2024-06-12 12:00:00,1034.6518447302008,0.5499339021752193,8321
2024-06-12 13:00:00,1029.0236415397944,0.57581383834633,8079
2024-06-12 14:00:00,1094.722309114176,0.5941987771932319,7033
2024-06-12 15:00:00,1086.1299738600057,0.6138541969212896,6886
2024-06-12 16:00:00,1141.828891656289,0.623412204234122,8030
2024-06-12 17:00:00,1098.1590966975125,0.6023431530690211,11779
2024-06-12 18:00:00,1090.233185916949,0.5409798403308254,17411
2024-06-12 19:00:00,1050.4213096281458,0.533053712282459,15974
2024-06-12 20:00:00,978.6599899849774,0.5734601902854282,9985
2024-06-12 21:00:00,981.3992004568818,0.6040833809251857,7004
2024-06-12 22:00:00,1018.8703913783324,0.5662223482699943,7052
2024-06-12 23:00:00,1028.9998427920139,0.5395378085206729,6361
2024-06-13 00:00:00,1074.1659772492244,0.5757497414684591,3868
2024-06-13 01:00:00,1089.9826325411334,0.590036563071298,2188
2024-06-13 02:00:00,1338.904761904762,0.6023391812865497,1197
2024-06-13 03:00:00,1199.1973466003317,0.6334991708126037,603
2024-06-13 04:00:00,1066.1258134490238,0.6724511930585684,461
2024-06-13 05:00:00,899.0378151260504,0.6736694677871149,714
2024-06-13 06:00:00,853.8520151133501,0.6498740554156172,1588
2024-06-13 07:00:00,923.6492156147391,0.6058008026267786,5482
2024-06-13 08:00:00,1023.4329349269589,0.5235898511218284,14307
2024-06-13 09:00:00,960.6600804336423,0.5390802587865011,11438
2024-06-13 10:00:00,1943.5037867312935,0.5973947288700394,3301
2024-06-13 11:00:00,1862.8286298568507,0.5656441717791411,2445
2024-06-13 12:00:00,1041.2510308028134,0.5488721804511278,8246
2024-06-13 13:00:00,1413.3630926954293,0.5640751815463477,4682
2024-06-13 14:00:00,1035.3907720067018,0.5940198479185462,7759
2024-06-13 15:00:00,1108.9289219122388,0.6134866115239029,7133
2024-06-13 16:00:00,1096.3768744142455,0.613987816307404,8536
2024-06-13 17:00:00,1097.8881944444445,0.5926697530864198,12960
2024-06-13 18:00:00,1067.5283515477486,0.5317846312296161,17477
2024-06-13 19:00:00,1017.7752505782576,0.5433693138010794,15564
2024-06-13 20:00:00,975.1579836665728,0.5849056603773585,10653
2024-06-13 21:00:00,983.8075177304964,0.6110638297872341,7050
2024-06-13 22:00:00,990.393609188632,0.5834192313355913,6791
2024-06-13 23:00:00,1016.9494355223407,0.5535061217999682,6289
2024-06-14 00:00:00,1017.5909793814433,0.5559278350515464,3880
2024-06-14 01:00:00,983.2588378707842,0.5599349857781389,2461
2024-06-14 02:00:00,1094.5461538461539,0.5769230769230769,1300
2024-06-14 03:00:00,1242.5866050808313,0.5254041570438799,866
2024-06-14 04:00:00,1146.3804878048782,0.6195121951219512,615
2024-06-14 05:00:00,906.3374083129585,0.6491442542787286,818
2024-06-14 06:00:00,899.1766602192134,0.6221792392005158,1551
2024-06-14 07:00:00,837.8253241800153,0.6228070175438597,5244
2024-06-14 08:00:00,953.3185881065305,0.5548157606712879,10964
2024-06-14 09:00:00,906.4313384365577,0.5640222686151705,8622
2024-06-14 10:00:00,983.7465309898242,0.5868640148011101,5405
2024-06-14 11:00:00,1575.2298008697642,0.5742732890821698,4369
2024-06-14 12:00:00,932.8161392777321,0.5609928243736031,8501
2024-06-14 13:00:00,966.2428992339422,0.5745433117265764,8485
2024-06-14 14:00:00,1078.5037831021439,0.5915510718789407,7930
2024-06-14 15:00:00,1089.766781301745,0.6082027767163418,7851
2024-06-14 16:00:00,1092.1101896962787,0.6081683424898933,9647
2024-06-14 17:00:00,1088.97277676951,0.5852238354506957,13224
2024-06-14 18:00:00,1071.207789640174,0.5558191643600896,15174
2024-06-14 19:00:00,1053.8872265966754,0.5837270341207349,11430
2024-06-14 20:00:00,988.5987388936658,0.6251074806534824,6978
2024-06-14 21:00:00,1024.5035971223022,0.6564748201438849,4448
2024-06-14 22:00:00,1076.840930232558,0.6394418604651163,5375
2024-06-14 23:00:00,1113.0980647562337,0.6365835504279866,5374
2024-06-15 00:00:00,1034.715964343598,0.6229740680713128,4936
2024-06-15 01:00:00,1069.4535843218155,0.6157813305827746,3878
2024-06-15 02:00:00,1126.5373862158647,0.6258127438231469,3076
2024-06-15 03:00:00,1099.371864776445,0.6134133042529989,1834
2024-06-15 04:00:00,1099.787016776076,0.5886214442013129,1371
2024-06-15 05:00:00,1058.6214355948869,0.6342182890855457,1017
2024-06-15 06:00:00,872.7753846153846,0.6851282051282052,975
2024-06-15 07:00:00,935.3186440677966,0.6542372881355932,1475
2024-06-15 08:00:00,971.4328252392769,0.6121942573555477,2821
2024-06-15 09:00:00,988.6351030110935,0.5717115689381933,5048
2024-06-15 10:00:00,1014.8265779702971,0.541924504950495,6464
2024-06-15 11:00:00,1120.2779361846572,0.5196198234894772,7365
2024-06-15 12:00:00,1222.2708950800238,0.5404860699466508,8435
2024-06-15 13:00:00,4925.72633839546,0.5652707470470931,6519
2024-06-15 14:00:00,,,0
2024-06-15 15:00:00,1199.7184035476719,0.5637472283813747,3608
2024-06-15 16:00:00,1173.2224976392824,0.5684608120868744,8472
2024-06-15 17:00:00,1089.4958097395242,0.5694224235560589,8830
2024-06-15 18:00:00,1098.4207820322013,0.607360303071303,7391
2024-06-15 19:00:00,1070.7604104522134,0.6049397446605417,8381
2024-06-15 20:00:00,1038.372351160444,0.6264956032867234,6937
2024-06-15 21:00:00,1058.549019607843,0.6650018497965224,5406
2024-06-15 22:00:00,1044.0242820945946,0.667652027027027,4736
2024-06-15 23:00:00,1101.2371527147268,0.6152169965498456,5507
2024-06-16 00:00:00,1046.9492320819113,0.6260665529010239,4688
2024-06-16 01:00:00,1120.2464346834,0.6309184255561894,3506
2024-06-16 02:00:00,1102.8984532616005,0.6311365164761265,2974
2024-06-16 03:00:00,1217.0809638554217,0.592289156626506,2075
2024-06-16 04:00:00,1138.7719626168225,0.5956386292834891,1605
2024-06-16 05:00:00,1028.6055956678701,0.6227436823104693,1108
2024-06-16 06:00:00,807.9791921664627,0.6719706242350061,817
2024-06-16 07:00:00,884.1003401360545,0.7380952380952381,588
2024-06-16 08:00:00,861.9382080329557,0.635427394438723,971
2024-06-16 09:00:00,872.1837029893925,0.5978784956605593,2074
2024-06-16 10:00:00,887.3853564547206,0.5661987338287916,3633
2024-06-16 11:00:00,1360.2767148856742,0.5480634624358376,4286
2024-06-16 12:00:00,1268.080611084024,0.5569640825613522,6153
2024-06-16 13:00:00,1077.35129415595,0.5746377991209507,6143
2024-06-16 14:00:00,1081.2197820074832,0.5817471937530503,6147
2024-06-16 15:00:00,1074.0367395762132,0.6038961038961039,5852
2024-06-16 16:00:00,1051.6657352427524,0.6126440796367447,5726
2024-06-16 17:00:00,1064.0709426627793,0.6144661946411217,7203
2024-06-16 18:00:00,1053.2933519293351,0.5958856345885635,8604
2024-06-16 19:00:00,1034.216131851667,0.6160569359470596,8009
2024-06-16 20:00:00,1029.0961264822135,0.6156521739130435,6325
2024-06-16 21:00:00,1064.1499582289057,0.6288638262322472,4788
2024-06-16 22:00:00,1040.0973791233619,0.6186172616357886,4426
2024-06-16 23:00:00,1084.401894451962,0.6178619756427605,3695
2024-06-17 00:00:00,1105.6987732848704,0.6219900045433894,2201
2024-06-17 01:00:00,1372.7494126859829,0.6734534064212999,1277
2024-06-17 02:00:00,1282.5240384615386,0.6810897435897436,624
2024-06-17 03:00:00,1305.5321285140562,0.6224899598393574,498
2024-06-17 04:00:00,1203.7417417417416,0.7327327327327328,333
2024-06-17 05:00:00,921.2053712480252,0.6777251184834123,633
2024-06-17 06:00:00,924.7669432918395,0.6535269709543569,1446
2024-06-17 07:00:00,938.1903791275988,0.6216877293110477,4906
2024-06-17 08:00:00,1034.9713870400121,0.5391324305714942,13071
2024-06-17 09:00:00,1007.4989072123982,0.5659646334194317,10066
2024-06-17 10:00:00,1115.260569456428,0.5987920621225195,4636
2024-06-17 11:00:00,1115.456403838131,0.5834376303712975,4794
2024-06-17 12:00:00,1006.4811860325105,0.5553883202889826,6644
2024-06-17 13:00:00,1019.8062207943925,0.5773948598130841,6848
2024-06-17 14:00:00,1096.5502219299688,0.6123623212230808,6083
2024-06-17 15:00:00,1120.1225726270002,0.6066490601211745,6437
2024-06-17 16:00:00,1102.0506929704084,0.6231739293295043,8009
2024-06-17 17:00:00,1103.7347570916204,0.5982230192370395,12268
2024-06-17 18:00:00,1109.7908895857402,0.5287451174561258,18177
2024-06-17 19:00:00,1013.2326239310744,0.5211213270751623,15553
2024-06-17 20:00:00,956.5606560222145,0.5702880944116626,11524
2024-06-17 21:00:00,953.0279566514843,0.5863043819695304,6367
2024-06-17 22:00:00,1033.7633333333333,0.5684313725490197,5100
2024-06-17 23:00:00,1033.7850542850542,0.5211365211365211,8658
2024-06-18 00:00:00,1120.3240521327014,0.6116706161137441,3376
2024-06-18 01:00:00,1157.556179775281,0.604494382022472,1780
2024-06-18 02:00:00,1195.188864628821,0.6266375545851528,916
2024-06-18 03:00:00,1395.119850187266,0.6048689138576779,534
2024-06-18 04:00:00,1118.9522613065326,0.6884422110552764,398
2024-06-18 05:00:00,884.2412140575079,0.6613418530351438,626
2024-06-18 06:00:00,844.8923821039904,0.6390568319226119,1654
2024-06-18 07:00:00,818.1139504563233,0.6589308996088657,3835
2024-06-18 08:00:00,908.0399002493766,0.6413965087281795,4010
2024-06-18 09:00:00,878.859335752163,0.6075914038515211,7166
2024-06-18 10:00:00,962.4954148471616,0.6200873362445415,4580
2024-06-18 11:00:00,996.5947136563876,0.5985443401647194,5221
2024-06-18 12:00:00,994.286491387126,0.5588654319388681,7721
2024-06-18 13:00:00,982.8634044223472,0.585503074708884,7643
2024-06-18 14:00:00,1054.606020558003,0.6092511013215859,6810
2024-06-18 15:00:00,1076.6659359929856,0.6228262457986263,6843
2024-06-18 16:00:00,1098.7562557924005,0.6414504170528267,8632
2024-06-18 17:00:00,1093.3474974936378,0.5858718284876996,12967
2024-06-18 18:00:00,1058.540346886551,0.5105487631504123,17585
2024-06-18 19:00:00,1000.2178962650125,0.530223043420879,15154
2024-06-18 20:00:00,956.30551558753,0.5609592326139089,10425
2024-06-18 21:00:00,992.7294810981745,0.588328302429208,6957
2024-06-18 22:00:00,1039.1548091603054,0.5606106870229007,6550
2024-06-18 23:00:00,1058.788620813828,0.5363701836514224,5554
2024-06-19 00:00:00,1038.4249898908208,0.6061463809138697,2473
2024-06-19 01:00:00,1160.498392282958,0.6186495176848874,1555
2024-06-19 02:00:00,1362.3541876892027,0.6458123107971746,991
2024-06-19 03:00:00,1333.1790830945558,0.5702005730659025,698
2024-06-19 04:00:00,1320.206976744186,0.6395348837209303,430
2024-06-19 05:00:00,914.8283687943263,0.6567375886524822,705
2024-06-19 06:00:00,952.0454545454545,0.6284584980237155,1518
2024-06-19 07:00:00,933.1579156722355,0.5875099443118537,5028
2024-06-19 08:00:00,970.7197003411957,0.5199525292983237,13482
2024-06-19 09:00:00,909.2581318490172,0.5295703600626196,11498
2024-06-19 10:00:00,969.5671111111111,0.5783111111111111,5625
2024-06-19 11:00:00,1023.0219600725953,0.5725952813067151,5510
2024-06-19 12:00:00,956.6010025062657,0.5368421052631579,7980
2024-06-19 13:00:00,948.2754408205601,0.5717413852714072,8677
2024-06-19 14:00:00,1062.0240513893038,0.589781894233642,6694
2024-06-19 15:00:00,1092.767163738373,0.6003248191348,6773
2024-06-19 16:00:00,1088.4518967772624,0.608990367463432,8409
2024-06-19 17:00:00,1088.0779103125471,0.5846293220594897,13246
2024-06-19 18:00:00,1089.9572894168466,0.5174406047516199,18520
2024-06-19 19:00:00,1013.9543159559584,0.5165764340896648,16439
2024-06-19 20:00:00,1008.8400251504536,0.5605856462768346,11133
2024-06-19 21:00:00,2042.9780616853789,0.5863982449348303,7749
2024-06-19 22:00:00,6951.268534734384,0.5078809106830122,1713
2024-06-19 23:00:00,1033.6408839779006,0.5377532228360957,1629
2024-06-20 00:00:00,1017.8357924797715,0.5509281294621609,4202
2024-06-20 01:00:00,1127.5275750202757,0.6005677210056772,2466
2024-06-20 02:00:00,1144.6485507246377,0.6471014492753623,1380
2024-06-20 03:00:00,1262.9153976311336,0.6412859560067682,591
2024-06-20 04:00:00,1228.6122448979593,0.7551020408163265,441
2024-06-20 05:00:00,1024.3496402877697,0.6992805755395683,695
2024-06-20 06:00:00,922.5665551839464,0.651505016722408,1495
2024-06-20 07:00:00,945.1521655065739,0.6069218870843001,5172
2024-06-20 08:00:00,995.5025107342988,0.5153918928753366,13741
2024-06-20 09:00:00,943.1175006666074,0.5484845791485201,11251
2024-06-20 10:00:00,969.3285609397944,0.5965491923641704,5448
2024-06-20 11:00:00,1053.6046977421704,0.5726511289147851,5492
2024-06-20 12:00:00,1018.5904336734694,0.5614795918367347,7840
2024-06-20 13:00:00,976.8133103843948,0.5838209982788296,8715
2024-06-20 14:00:00,1055.6966454598034,0.6082995951417004,6916
2024-06-20 15:00:00,1087.712666762301,0.6151197819538087,6971
2024-06-20 16:00:00,1096.9023214085455,0.6139957384770662,8917
2024-06-20 17:00:00,1097.7663650878126,0.5885349349958184,13153
2024-06-20 18:00:00,1113.9432933478736,0.5238822246455834,18340
2024-06-20 19:00:00,989.845515167364,0.5284388075313807,15296
2024-06-20 20:00:00,967.4565586034913,0.5852369077306733,10025
2024-06-20 21:00:00,987.3929044214985,0.592666137145883,7554
2024-06-20 22:00:00,1049.0501068947087,0.5713522180652058,7484
2024-06-20 23:00:00,1040.1293070073557,0.5270357465479417,7749
2024-06-21 00:00:00,1068.5451600609756,0.5491615853658537,5248
2024-06-21 01:00:00,1157.3354786806115,0.5438455349959774,3729
2024-06-21 02:00:00,1160.2873082287308,0.5741515574151558,2151
2024-06-21 03:00:00,1157.7850304612707,0.5935596170583116,1149
2024-06-21 04:00:00,1153.8716931216932,0.6362433862433863,756
2024-06-21 05:00:00,923.1097694840835,0.6388583973655324,911
2024-06-21 06:00:00,998.2556142668428,0.6241743725231176,1514
2024-06-21 07:00:00,860.7786770862406,0.6103823611498744,3583
2024-06-21 08:00:00,919.7323433538573,0.594712060847519,5522
2024-06-21 09:00:00,862.2588417329797,0.6136162687886826,4524
2024-06-21 10:00:00,900.6797124600639,0.6059637912673056,3756
2024-06-21 11:00:00,974.3915159944368,0.5795085767269356,4314
2024-06-21 12:00:00,949.6637630662021,0.556794425087108,5740
2024-06-21 13:00:00,950.4696227663799,0.5638649900727994,7555
2024-06-21 14:00:00,1024.6879892037787,0.5840755735492578,7410
2024-06-21 15:00:00,1084.1407113504322,0.6008218789854045,7057
2024-06-21 16:00:00,1101.7151335311573,0.6020441806791955,9099
2024-06-21 17:00:00,1105.7407138184196,0.5586247001526495,13757
2024-06-21 18:00:00,1133.7469924345778,0.5262929430732978,16126
2024-06-21 19:00:00,1172.767090368684,0.5252007841649275,15813
2024-06-21 20:00:00,1301.2133529093578,0.539834634108647,12941
2024-06-21 21:00:00,1521.9437873585146,0.5689940226376701,7863
2024-06-21 22:00:00,1480.7058279370954,0.5698427382053654,6486
2024-06-21 23:00:00,1368.6779428571429,0.5716571428571429,8750
2024-06-22 00:00:00,1235.8151077174803,0.5778565584946823,7334
2024-06-22 01:00:00,1185.2246851385391,0.5246851385390429,7940
2024-06-22 02:00:00,1238.522374109125,0.4403551816801028,8559
2024-06-22 03:00:00,1197.1071725744716,0.4468297553669496,6009
2024-06-22 04:00:00,1229.7478968031407,0.5025238362310712,3566
2024-06-22 05:00:00,1067.338488994646,0.5794170136823319,1681
2024-06-22 06:00:00,969.8063200815494,0.6615698267074414,981
2024-06-22 07:00:00,906.9329896907217,0.6391752577319587,1164
2024-06-22 08:00:00,897.5902389425521,0.5887137773258769,1967
2024-06-22 09:00:00,884.7592360676268,0.5867251095804634,3194
2024-06-22 10:00:00,977.4314086814087,0.5167895167895168,4884
2024-06-22 11:00:00,1008.2563498738435,0.5088309503784693,5945
2024-06-22 12:00:00,1092.8534068671056,0.5214374666429461,5621
2024-06-22 13:00:00,1048.8213484825833,0.5396920316938257,6689
2024-06-22 14:00:00,1119.4722937271372,0.5327191437474597,7381
2024-06-22 15:00:00,1190.0194389220235,0.5271703114645461,9054
2024-06-22 16:00:00,1195.604953065708,0.5184741362093069,10014
2024-06-22 17:00:00,1161.588563076642,0.5265369507627661,10947
2024-06-22 18:00:00,1135.9273801250868,0.5352675469075747,11512
2024-06-22 19:00:00,1096.289884417447,0.5398633257403189,11853
2024-06-22 20:00:00,1117.2808112324492,0.5703588143525741,9615
2024-06-22 21:00:00,1125.6505731625084,0.6215778826702629,7415
2024-06-22 22:00:00,1101.1710140202151,0.6031953048581676,6134
2024-06-22 23:00:00,1163.857639463665,0.5833471279589472,6041
2024-06-23 00:00:00,1107.0763772175537,0.6016806722689075,5355
2024-06-23 01:00:00,1140.534408084697,0.6000962463907603,4156
2024-06-23 02:00:00,1177.083920022529,0.5818079414249507,3551
2024-06-23 03:00:00,1161.3712918660287,0.5803827751196172,2090
2024-06-23 04:00:00,1197.486542443064,0.598343685300207,1449
2024-06-23 05:00:00,1149.343087790111,0.6649848637739657,991
2024-06-23 06:00:00,1075.1329341317364,0.6790419161676646,835
2024-06-23 07:00:00,1007.4267616785431,0.6381631037212985,1263
2024-06-23 08:00:00,1016.6131707317073,0.5804878048780487,2050
2024-06-23 09:00:00,1024.1135611907387,0.548787210584344,3628
2024-06-23 10:00:00,1075.6796116504854,0.5176195613088816,5562
2024-06-23 11:00:00,1141.0342939481268,0.517435158501441,6940
2024-06-23 12:00:00,1198.932230007248,0.5216235805750181,8278
2024-06-23 13:00:00,1278.75786201124,0.5329427239029056,8363
2024-06-23 14:00:00,1324.427529021559,0.53510226644555,9045
2024-06-23 15:00:00,1347.4661033797217,0.5343936381709742,10060
2024-06-23 16:00:00,1320.319682715366,0.532466334624608,10842
2024-06-23 17:00:00,1257.5152248268957,0.5415032952365062,11987
2024-06-23 18:00:00,1194.4413776056685,0.5374474746642498,12137
2024-06-23 19:00:00,1128.3410023185304,0.546370608168361,11214
2024-06-23 20:00:00,1122.626348968907,0.5639491398653702,9359
2024-06-23 21:00:00,1091.7812544446024,0.5993457545157161,7031
2024-06-23 22:00:00,1101.814084027896,0.6002721551284232,5879
2024-06-23 23:00:00,1023.0376263169211,0.5979359277574715,4651
2024-06-24 00:00:00,1125.665940450254,0.6445170660856936,2754
2024-06-24 01:00:00,1229.670704845815,0.6651982378854625,1816
2024-06-24 02:00:00,1192.173831775701,0.7336448598130841,1070
2024-06-24 03:00:00,1286.9982110912345,0.7066189624329159,559
2024-06-24 04:00:00,1137.0076530612246,0.6989795918367347,392
2024-06-24 05:00:00,1049.6789250353606,0.7199434229137199,707
2024-06-24 06:00:00,905.5093399750934,0.6251556662515566,1606
2024-06-24 07:00:00,973.3615749330035,0.6064728921871779,4851
2024-06-24 08:00:00,1036.3614341085272,0.5378652355396542,13416
2024-06-24 09:00:00,1029.1908912830559,0.5515181194906954,10210
2024-06-24 10:00:00,1111.7197376267143,0.5833830252434904,5031
2024-06-24 11:00:00,1106.4303294958318,0.5655021834061136,5038
2024-06-24 12:00:00,1025.6847735482079,0.5469574881911642,7198
2024-06-24 13:00:00,1032.290780141844,0.5643165067445418,7191
2024-06-24 14:00:00,1155.8630606466995,0.6005066309044852,6711
2024-06-24 15:00:00,1158.287573099415,0.6121345029239766,6840
2024-06-24 16:00:00,1134.9253800626668,0.6139027503771615,8617
2024-06-24 17:00:00,1140.6009104704096,0.5657056145675265,13180
2024-06-24 18:00:00,1121.4388938920379,0.49615934735392275,18877
2024-06-24 19:00:00,1087.4447956028855,0.513775334936448,14555
2024-06-24 20:00:00,998.590085624155,0.5537629562866155,11095
2024-06-24 21:00:00,1033.476078122952,0.5640319832219164,7629
2024-06-24 22:00:00,1075.0430706123645,0.5448285965426312,6826
2024-06-24 23:00:00,1138.1011591148576,0.5540920266947664,5694
2024-06-25 00:00:00,1105.7648109556415,0.5844001190830604,3359
2024-06-25 01:00:00,1174.3792079207922,0.6386138613861386,2020
2024-06-25 02:00:00,1322.934922089826,0.614115490375802,1091
2024-06-25 03:00:00,1188.9563253012047,0.5873493975903614,664
2024-06-25 04:00:00,1357.9716312056737,0.7021276595744681,423
2024-06-25 05:00:00,946.8541666666666,0.6986111111111111,720
2024-06-25 06:00:00,949.4509803921569,0.6464646464646465,1683
2024-06-25 07:00:00,980.139313320151,0.5736113607765594,5563
2024-06-25 08:00:00,1075.9633388981636,0.511118530884808,14975
2024-06-25 09:00:00,1015.216757902172,0.5400847607275295,11326
2024-06-25 10:00:00,1129.7007351622735,0.5979917518379056,5577
2024-06-25 11:00:00,1089.4519434628976,0.5724381625441696,5660
2024-06-25 12:00:00,1060.4442085710496,0.5567201804431472,7537
2024-06-25 13:00:00,1032.0449231577566,0.5741494811506633,7613
2024-06-25 14:00:00,1088.434719395173,0.6035184646699622,6878
2024-06-25 15:00:00,1139.9291238925607,0.6252285191956124,7111
2024-06-25 16:00:00,1157.0787772543003,0.6190424016653884,9127
2024-06-25 17:00:00,1115.8161150333572,0.5718634626594987,15439
2024-06-25 18:00:00,1090.2453373180585,0.5114284133045548,18069
2024-06-25 19:00:00,1038.4914447357528,0.5249758520767214,14494
2024-06-25 20:00:00,989.9049415314976,0.5337608449641644,13255
2024-06-25 21:00:00,1040.9371680415866,0.5619844050175161,8849
2024-06-25 22:00:00,1087.4803618186147,0.5433230183289693,8402
2024-06-25 23:00:00,1084.406697905182,0.5248070562293274,7256
2024-06-26 00:00:00,1174.5674067292287,0.5756466010528725,4369
2024-06-26 01:00:00,1146.2754934210527,0.5879934210526315,2432
2024-06-26 02:00:00,1263.644709180098,0.5949544498948843,1427
2024-06-26 03:00:00,1480.9530456852792,0.583756345177665,788
2024-06-26 04:00:00,1146.3370165745857,0.6666666666666666,543
2024-06-26 05:00:00,931.6207332490518,0.6902654867256637,791
2024-06-26 06:00:00,896.4463171036205,0.6317103620474407,1602
2024-06-26 07:00:00,956.4630291627469,0.5762935089369708,5315
2024-06-26 08:00:00,1032.8698534542916,0.5060013956734124,14330
2024-06-26 09:00:00,986.7734555736441,0.5330305886385057,11671
2024-06-26 10:00:00,1038.6444482522274,0.5728238519533927,5836
2024-06-26 11:00:00,1080.6548804780878,0.5692231075697212,6024
2024-06-26 12:00:00,1036.7573336513237,0.5580729787741474,8386
2024-06-26 13:00:00,999.4185815426655,0.5809216246429015,8051
2024-06-26 14:00:00,1078.0179997293274,0.6122614697523345,7389
2024-06-26 15:00:00,1104.5317799531229,0.6218116641389769,7253
2024-06-26 16:00:00,1104.1817973669147,0.615684029765312,8735
2024-06-26 17:00:00,1110.0707306402217,0.5826892226921394,13714
2024-06-26 18:00:00,1115.9651465971372,0.5076358218485606,18793
2024-06-26 19:00:00,1066.8064244465832,0.5160611164581328,16624
2024-06-26 20:00:00,1003.4733684037482,0.5528522110800592,12166
2024-06-26 21:00:00,1048.781369274809,0.5633349236641222,8384
2024-06-26 22:00:00,1090.160710141564,0.5521002552796472,8618
2024-06-26 23:00:00,1077.3055814573065,0.5277740775276408,7507
2024-06-27 00:00:00,1051.585097882541,0.5659208949260887,5006
2024-06-27 01:00:00,1199.9171087533157,0.5858753315649867,3016
2024-06-27 02:00:00,1286.491640866873,0.5789473684210527,1615
2024-06-27 03:00:00,1180.2739393939394,0.6424242424242425,825
2024-06-27 04:00:00,1185.1597337770384,0.670549084858569,601
2024-06-27 05:00:00,1021.1182669789227,0.6451990632318502,854
2024-06-27 06:00:00,896.5537700865266,0.6359703337453646,1618
2024-06-27 07:00:00,960.1322480336565,0.5822205963051034,5467
2024-06-27 08:00:00,1034.42,0.5022302158273382,13900
2024-06-27 09:00:00,1001.634735744089,0.525904033379694,11504
2024-06-27 10:00:00,1041.0064341347781,0.5887233322045378,5906
2024-06-27 11:00:00,1078.9686310063464,0.5816863100634633,5515
2024-06-27 12:00:00,1023.7675810473816,0.5579800498753117,8020
2024-06-27 13:00:00,1014.5391068662881,0.5840216830149716,7748
2024-06-27 14:00:00,1099.46828868234,0.6094860579551667,7316
2024-06-27 15:00:00,1245.2686420446566,0.6233675045639657,7121
2024-06-27 16:00:00,1128.7797474220831,0.6088518132313753,8631
2024-06-27 17:00:00,1119.17430293896,0.5824415975885456,13270
2024-06-27 18:00:00,1105.6821638062133,0.5021181837931784,18412
2024-06-27 19:00:00,1048.5533489576908,0.5083878130011101,16214
2024-06-27 20:00:00,1017.3459342560553,0.5472318339100346,11560
2024-06-27 21:00:00,1061.7994514912582,0.5685064564049823,8751
2024-06-27 22:00:00,1083.2715392061955,0.5473136495643756,8264
2024-06-27 23:00:00,1053.5910766492946,0.5257404347273421,7867
2024-06-28 00:00:00,1056.7167313801624,0.5460642428521002,5666
2024-06-28 01:00:00,1181.0981958762886,0.5309278350515464,3880
2024-06-28 02:00:00,1203.485182049111,0.5393734123624048,2362
2024-06-28 03:00:00,1255.3730664240218,0.5996360327570519,1099
2024-06-28 04:00:00,1298.312987012987,0.5922077922077922,770
2024-06-28 05:00:00,879.033033033033,0.6476476476476476,999
2024-06-28 06:00:00,908.4518473652332,0.6141732283464567,1651
2024-06-28 07:00:00,959.2560946745563,0.5727810650887574,4225
2024-06-28 08:00:00,996.7589789520824,0.522794446932378,11165
2024-06-28 09:00:00,943.1966756245646,0.5258286055538967,10047
2024-06-28 10:00:00,1011.2072317925977,0.5734265734265734,5863
2024-06-28 11:00:00,1016.114573923517,0.5465221318879856,6642
2024-06-28 12:00:00,989.1502465879115,0.53125358412662,8719
2024-06-28 13:00:00,982.7762174405436,0.5519818799546999,8830
2024-06-28 14:00:00,1084.4722764320973,0.5728389392721845,8711
2024-06-28 15:00:00,1102.2059129229704,0.5856334449705509,8659
2024-06-28 16:00:00,1093.975205811138,0.5758837772397094,10325
2024-06-28 17:00:00,1105.1026889688758,0.534053214764627,14169
2024-06-28 18:00:00,1091.129742033384,0.4796408700050582,15816
2024-06-28 19:00:00,1054.2822794267472,0.4738843985600761,14723
2024-06-28 20:00:00,1015.4883801897467,0.5131865262424928,11489
2024-06-28 21:00:00,1069.4814216478192,0.5525040387722132,8047
2024-06-28 22:00:00,1088.1177131619609,0.5610338530692514,7119
2024-06-28 23:00:00,1065.7235714285714,0.54,7000
2024-06-29 00:00:00,1065.7650767987066,0.5413096200485045,6185
2024-06-29 01:00:00,1135.508180563769,0.5470136014192786,5073
2024-06-29 02:00:00,1211.279882771614,0.5275277370734771,4777
2024-06-29 03:00:00,1315.9373464373464,0.5128992628992629,3256
2024-06-29 04:00:00,1264.8947638603697,0.5574948665297741,1948
2024-06-29 05:00:00,1123.5030627871363,0.613323124042879,1306
2024-06-29 06:00:00,1008.3826173826174,0.6763236763236763,1001
2024-06-29 07:00:00,1003.4118507681053,0.612289685442575,1367
2024-06-29 08:00:00,905.1502297631672,0.5839519264757865,2829
2024-06-29 09:00:00,959.8585491119195,0.5405521078536272,4673
2024-06-29 10:00:00,1018.7870024875622,0.4976679104477612,6432
2024-06-29 11:00:00,1045.407899882675,0.49524181984095944,7671
2024-06-29 12:00:00,1076.0508533210332,0.5017297047970479,8672
2024-06-29 13:00:00,1080.518924783028,0.5349566055930569,8296
2024-06-29 14:00:00,1130.092548214082,0.5241355700102704,8763
2024-06-29 15:00:00,1152.9208914237431,0.5154203633291086,9468
2024-06-29 16:00:00,1155.7235780358196,0.5220429049399724,10162
2024-06-29 17:00:00,1578.436116001112,0.5245992773093672,10793
2024-06-29 18:00:00,1157.0768953068591,0.5036101083032491,8310
2024-06-29 19:00:00,2256.4389808503734,0.5274261603375527,6162
2024-06-29 20:00:00,1162.8863302302793,0.5498938428874734,6123
2024-06-29 21:00:00,2924.047147249744,0.5845575674752306,2927
2024-06-29 22:00:00,1121.5885941644563,0.5793103448275863,3770
2024-06-29 23:00:00,1094.5199185151653,0.5765052059755545,4418
